{
  "**National": {
    "Donald Trump": 44.523678659990715,
    "Kamala Harris": 46.02025082941043,
    "electoral_votes": 0,
    "mean_diff": 1.4965721694197143,
    "win_percent_harris": 64.58510514378993,
    "win_percent_trump": 35.41489485621007,
    "winner": "Kamala Harris"
  },
  "Alabama": {
    "Donald Trump": 55.95931848969015,
    "Kamala Harris": 32.41067414288571,
    "electoral_votes": 9,
    "mean_diff": -23.548644346804437,
    "win_percent_harris": 1.964428688115383e-07,
    "win_percent_trump": 99.99999980355713,
    "winner": "Donald Trump"
  },
  "Alaska": {
    "Donald Trump": 51.54365311508425,
    "Kamala Harris": 42.993601764958,
    "electoral_votes": 3,
    "mean_diff": -8.550051350126246,
    "win_percent_harris": 1.627815135226273,
    "win_percent_trump": 98.37218486477373,
    "winner": "Donald Trump"
  },
  "Arizona": {
    "Donald Trump": 47.015288593500564,
    "Kamala Harris": 45.13637010922153,
    "electoral_votes": 11,
    "mean_diff": -1.8789184842790334,
    "win_percent_harris": 31.927410111992394,
    "win_percent_trump": 68.07258988800761,
    "winner": "Donald Trump"
  },
  "Arkansas": {
    "Donald Trump": 51.98810812839882,
    "Kamala Harris": 38.64887093610415,
    "electoral_votes": 6,
    "mean_diff": -13.339237192294668,
    "win_percent_harris": 0.04267895751158197,
    "win_percent_trump": 99.95732104248842,
    "winner": "Donald Trump"
  },
  "California": {
    "Donald Trump": 33.72441279910006,
    "Kamala Harris": 54.42026876381478,
    "electoral_votes": 54,
    "mean_diff": 20.695855964714724,
    "win_percent_harris": 99.99998854104948,
    "win_percent_trump": 1.1458950521792133e-05,
    "winner": "Kamala Harris"
  },
  "Colorado": {
    "Donald Trump": 38.9573811080267,
    "Kamala Harris": 48.27798032180304,
    "electoral_votes": 10,
    "mean_diff": 9.32059921377634,
    "win_percent_harris": 99.01008825285538,
    "win_percent_trump": 0.9899117471446228,
    "winner": "Kamala Harris"
  },
  "Connecticut": {
    "Donald Trump": 36.008376628081145,
    "Kamala Harris": 51.98228127618854,
    "electoral_votes": 7,
    "mean_diff": 15.973904648107393,
    "win_percent_harris": 99.99674441862808,
    "win_percent_trump": 0.0032555813719192805,
    "winner": "Kamala Harris"
  },
  "Delaware": {
    "Donald Trump": 36.44211659246735,
    "Kamala Harris": 53.00966492244028,
    "electoral_votes": 3,
    "mean_diff": 16.56754832997293,
    "win_percent_harris": 99.99827770035465,
    "win_percent_trump": 0.0017222996453458705,
    "winner": "Kamala Harris"
  },
  "District of Columbia": {
    "Donald Trump": 10.0,
    "Kamala Harris": 90.0,
    "electoral_votes": 3,
    "mean_diff": 80.0,
    "win_percent_harris": 100.0,
    "win_percent_trump": 0.0,
    "winner": "Kamala Harris"
  },
  "Florida": {
    "Donald Trump": 49.49207409379181,
    "Kamala Harris": 43.00430524798281,
    "electoral_votes": 30,
    "mean_diff": -6.4877688458089935,
    "win_percent_harris": 5.2407861108099985,
    "win_percent_trump": 94.75921388919,
    "winner": "Donald Trump"
  },
  "Georgia": {
    "Donald Trump": 47.308497981804834,
    "Kamala Harris": 45.44261305127191,
    "electoral_votes": 16,
    "mean_diff": -1.8658849305329213,
    "win_percent_harris": 32.043911714816176,
    "win_percent_trump": 67.95608828518382,
    "winner": "Donald Trump"
  },
  "Hawaii": {
    "Donald Trump": 32.47868331668395,
    "Kamala Harris": 46.503134737603354,
    "electoral_votes": 4,
    "mean_diff": 14.024451420919405,
    "win_percent_harris": 99.97726488093761,
    "win_percent_trump": 0.02273511906238923,
    "winner": "Kamala Harris"
  },
  "Idaho": {
    "Donald Trump": 53.8,
    "Kamala Harris": 24.6,
    "electoral_votes": 4,
    "mean_diff": -29.199999999999996,
    "win_percent_harris": 1.4388386381575914e-11,
    "win_percent_trump": 99.99999999998562,
    "winner": "Donald Trump"
  },
  "Illinois": {
    "Donald Trump": 39.831565240871704,
    "Kamala Harris": 53.787899307540066,
    "electoral_votes": 19,
    "mean_diff": 13.956334066668362,
    "win_percent_harris": 99.97576601542067,
    "win_percent_trump": 0.024233984579324908,
    "winner": "Kamala Harris"
  },
  "Indiana": {
    "Donald Trump": 54.669722840981784,
    "Kamala Harris": 37.86431751131003,
    "electoral_votes": 11,
    "mean_diff": -16.805405329671757,
    "win_percent_harris": 0.0013266322970130187,
    "win_percent_trump": 99.99867336770298,
    "winner": "Donald Trump"
  },
  "Iowa": {
    "Donald Trump": 48.594532994904355,
    "Kamala Harris": 39.21314787829192,
    "electoral_votes": 6,
    "mean_diff": -9.381385116612435,
    "win_percent_harris": 0.9504707740168227,
    "win_percent_trump": 99.04952922598318,
    "winner": "Donald Trump"
  },
  "Kansas": {
    "Donald Trump": 48.1117650463603,
    "Kamala Harris": 40.70208821050415,
    "electoral_votes": 6,
    "mean_diff": -7.409676835856146,
    "win_percent_harris": 3.1982824526248415,
    "win_percent_trump": 96.80171754737515,
    "winner": "Donald Trump"
  },
  "Kentucky": {
    "Donald Trump": 51.50000000000001,
    "Kamala Harris": 29.399999999999995,
    "electoral_votes": 8,
    "mean_diff": -22.100000000000012,
    "win_percent_harris": 1.6474280560818492e-06,
    "win_percent_trump": 99.99999835257194,
    "winner": "Donald Trump"
  },
  "Louisiana": {
    "Donald Trump": 50.28343442838843,
    "Kamala Harris": 35.28742417870867,
    "electoral_votes": 8,
    "mean_diff": -14.996010249679763,
    "win_percent_harris": 0.008876963588043865,
    "win_percent_trump": 99.99112303641195,
    "winner": "Donald Trump"
  },
  "Maine": {
    "Donald Trump": 41.411356887182436,
    "Kamala Harris": 48.35089518264651,
    "electoral_votes": 2,
    "mean_diff": 6.939538295464075,
    "win_percent_harris": 95.8619373987895,
    "win_percent_trump": 4.1380626012105015,
    "winner": "Kamala Harris"
  },
  "Maine CD-1": {
    "Donald Trump": 35.08953767109895,
    "Kamala Harris": 58.35172570139542,
    "electoral_votes": 1,
    "mean_diff": 23.262188030296464,
    "win_percent_harris": 99.99999969782037,
    "win_percent_trump": 3.0217962576628565e-07,
    "winner": "Kamala Harris"
  },
  "Maine CD-2": {
    "Donald Trump": 47.24361095767422,
    "Kamala Harris": 43.81305875232642,
    "electoral_votes": 1,
    "mean_diff": -3.4305522053478015,
    "win_percent_harris": 19.554617842024985,
    "win_percent_trump": 80.445382157975,
    "winner": "Donald Trump"
  },
  "Maryland": {
    "Donald Trump": 32.5530507426011,
    "Kamala Harris": 59.002207448055216,
    "electoral_votes": 10,
    "mean_diff": 26.449156705454115,
    "win_percent_harris": 99.9999999981079,
    "win_percent_trump": 1.8921086919476693e-09,
    "winner": "Kamala Harris"
  },
  "Massachusetts": {
    "Donald Trump": 30.223216078795087,
    "Kamala Harris": 55.927143343530844,
    "electoral_votes": 11,
    "mean_diff": 25.703927264735757,
    "win_percent_harris": 99.99999999344895,
    "win_percent_trump": 6.551048592484676e-09,
    "winner": "Kamala Harris"
  },
  "Michigan": {
    "Donald Trump": 45.64047324248233,
    "Kamala Harris": 46.09983230649654,
    "electoral_votes": 15,
    "mean_diff": 0.45935906401420823,
    "win_percent_harris": 54.57139355808034,
    "win_percent_trump": 45.42860644191966,
    "winner": "Kamala Harris"
  },
  "Minnesota": {
    "Donald Trump": 43.078865462694665,
    "Kamala Harris": 47.27844974979833,
    "electoral_votes": 10,
    "mean_diff": 4.1995842871036615,
    "win_percent_harris": 85.3117051077908,
    "win_percent_trump": 14.688294892209196,
    "winner": "Kamala Harris"
  },
  "Mississippi": {
    "Donald Trump": 50.0,
    "Kamala Harris": 35.3,
    "electoral_votes": 6,
    "mean_diff": -14.700000000000003,
    "win_percent_harris": 0.011892470732676045,
    "win_percent_trump": 99.98810752926732,
    "winner": "Donald Trump"
  },
  "Missouri": {
    "Donald Trump": 52.90505599785515,
    "Kamala Harris": 40.057656523502146,
    "electoral_votes": 10,