{
  "**National": {
    "Donald Trump": 44.22607002989039,
    "Kamala Harris": 45.52309003044531,
    "electoral_votes": 0,
    "mean_diff": 1.297020000554923,
    "win_percent_harris": 58.55723814262198,
    "win_percent_trump": 41.44276185737802,
    "winner": "Kamala Harris"
  },
  "Alabama": {
    "Donald Trump": 55.92022158986718,
    "Kamala Harris": 32.08308725620618,
    "electoral_votes": 9,
    "mean_diff": -23.837134333661005,
    "win_percent_harris": 0.003550803375002641,
    "win_percent_trump": 99.996449196625,
    "winner": "Donald Trump"
  },
  "Alaska": {
    "Donald Trump": 50.16341880908258,
    "Kamala Harris": 41.58169740331607,
    "electoral_votes": 3,
    "mean_diff": -8.581721405766508,
    "win_percent_harris": 7.631734638838022,
    "win_percent_trump": 92.36826536116199,
    "winner": "Donald Trump"
  },
  "Arizona": {
    "Donald Trump": 47.01378419157636,
    "Kamala Harris": 44.652123275440104,
    "electoral_votes": 11,
    "mean_diff": -2.361660916136259,
    "win_percent_harris": 34.69344421798448,
    "win_percent_trump": 65.30655578201552,
    "winner": "Donald Trump"
  },
  "Arkansas": {
    "Donald Trump": 50.299373226114966,
    "Kamala Harris": 37.89130761545344,
    "electoral_votes": 6,
    "mean_diff": -12.408065610661524,
    "win_percent_harris": 1.9319497420986826,
    "win_percent_trump": 98.06805025790132,
    "winner": "Donald Trump"
  },
  "California": {
    "Donald Trump": 33.316955949911836,
    "Kamala Harris": 53.71824148480133,
    "electoral_votes": 54,
    "mean_diff": 20.401285534889496,
    "win_percent_harris": 99.96633346483048,
    "win_percent_trump": 0.033666535169518674,
    "winner": "Kamala Harris"
  },
  "Colorado": {
    "Donald Trump": 38.29681982784343,
    "Kamala Harris": 46.6699429655549,
    "electoral_votes": 10,
    "mean_diff": 8.373123137711474,
    "win_percent_harris": 91.85705347988015,
    "win_percent_trump": 8.142946520119853,
    "winner": "Kamala Harris"
  },
  "Connecticut": {
    "Donald Trump": 36.297010872877394,
    "Kamala Harris": 52.27851115900574,
    "electoral_votes": 7,
    "mean_diff": 15.981500286128345,
    "win_percent_harris": 99.61343375613905,
    "win_percent_trump": 0.38656624386095295,
    "winner": "Kamala Harris"
  },
  "Delaware": {
    "Donald Trump": 36.412098521956175,
    "Kamala Harris": 52.710555136339075,
    "electoral_votes": 3,
    "mean_diff": 16.2984566143829,
    "win_percent_harris": 99.67002876097371,
    "win_percent_trump": 0.3299712390262943,
    "winner": "Kamala Harris"
  },
  "District of Columbia": {
    "Donald Trump": 10.0,
    "Kamala Harris": 90.00000000000001,
    "electoral_votes": 3,
    "mean_diff": 80.00000000000001,
    "win_percent_harris": 100.0,
    "win_percent_trump": 0.0,
    "winner": "Kamala Harris"
  },
  "Florida": {
    "Donald Trump": 49.21119715253651,
    "Kamala Harris": 42.78933741701657,
    "electoral_votes": 30,
    "mean_diff": -6.421859735519945,
    "win_percent_harris": 14.223990726431134,
    "win_percent_trump": 85.77600927356886,
    "winner": "Donald Trump"
  },
  "Georgia": {
    "Donald Trump": 47.35350950184596,
    "Kamala Harris": 44.877239366707734,
    "electoral_votes": 16,
    "mean_diff": -2.476270135138229,
    "win_percent_harris": 33.990892980963,
    "win_percent_trump": 66.009107019037,
    "winner": "Donald Trump"
  },
  "Hawaii": {
    "Donald Trump": 32.06894131077524,
    "Kamala Harris": 46.15441813682999,
    "electoral_votes": 4,
    "mean_diff": 14.085476826054752,
    "win_percent_harris": 99.05520791537198,
    "win_percent_trump": 0.9447920846280211,
    "winner": "Kamala Harris"
  },
  "Idaho": {
    "Donald Trump": 53.8,
    "Kamala Harris": 24.600000000000005,
    "electoral_votes": 4,
    "mean_diff": -29.199999999999992,
    "win_percent_harris": 5.674810724272192e-05,
    "win_percent_trump": 99.99994325189276,
    "winner": "Donald Trump"
  },
  "Illinois": {
    "Donald Trump": 39.60986049101252,
    "Kamala Harris": 53.24302143884928,
    "electoral_votes": 19,
    "mean_diff": 13.633160947836764,
    "win_percent_harris": 98.84625868874599,
    "win_percent_trump": 1.1537413112540085,
    "winner": "Kamala Harris"
  },
  "Indiana": {
    "Donald Trump": 55.23502842784991,
    "Kamala Harris": 36.96610777195394,
    "electoral_votes": 11,
    "mean_diff": -18.26892065589597,
    "win_percent_harris": 0.11640976037468516,
    "win_percent_trump": 99.88359023962532,
    "winner": "Donald Trump"
  },
  "Iowa": {
    "Donald Trump": 48.64891783103442,
    "Kamala Harris": 38.90322291131654,
    "electoral_votes": 6,
    "mean_diff": -9.745694919717877,
    "win_percent_harris": 5.21577666233805,
    "win_percent_trump": 94.78422333766196,
    "winner": "Donald Trump"
  },
  "Kansas": {
    "Donald Trump": 43.8,
    "Kamala Harris": 38.8,
    "electoral_votes": 6,
    "mean_diff": -5.0,
    "win_percent_harris": 20.232838096364308,
    "win_percent_trump": 79.76716190363568,
    "winner": "Donald Trump"
  },
  "Kentucky": {
    "Donald Trump": 51.5,
    "Kamala Harris": 29.4,
    "electoral_votes": 8,
    "mean_diff": -22.1,
    "win_percent_harris": 0.011510190833391637,
    "win_percent_trump": 99.98848980916661,
    "winner": "Donald Trump"
  },
  "Louisiana": {
    "Donald Trump": 50.324779053184166,
    "Kamala Harris": 35.25641571011188,
    "electoral_votes": 8,
    "mean_diff": -15.068363343072285,
    "win_percent_harris": 0.6012771623851885,
    "win_percent_trump": 99.39872283761481,
    "winner": "Donald Trump"
  },
  "Maine": {
    "Donald Trump": 41.28728785490752,
    "Kamala Harris": 49.510089739089246,
    "electoral_votes": 2,
    "mean_diff": 8.222801884181727,
    "win_percent_harris": 91.4729412070401,
    "win_percent_trump": 8.527058792959908,
    "winner": "Kamala Harris"
  },
  "Maine CD-1": {
    "Donald Trump": 35.47954293070495,
    "Kamala Harris": 58.853691994419016,
    "electoral_votes": 1,
    "mean_diff": 23.374149063714064,
    "win_percent_harris": 99.99510405222964,
    "win_percent_trump": 0.0048959477703669485,
    "winner": "Kamala Harris"
  },
  "Maine CD-2": {
    "Donald Trump": 46.911477633565454,
    "Kamala Harris": 45.21610564347073,
    "electoral_votes": 1,
    "mean_diff": -1.6953719900947206,
    "win_percent_harris": 38.87563072572979,
    "win_percent_trump": 61.12436927427021,
    "winner": "Donald Trump"
  },
  "Maryland": {
    "Donald Trump": 32.32069873498206,
    "Kamala Harris": 58.49840853087323,
    "electoral_votes": 10,
    "mean_diff": 26.177709795891168,
    "win_percent_harris": 99.99935840339525,
    "win_percent_trump": 0.000641596604755712,
    "winner": "Kamala Harris"
  },
  "Massachusetts": {
    "Donald Trump": 29.903843486737735,
    "Kamala Harris": 55.26031414194345,
    "electoral_votes": 11,
    "mean_diff": 25.35647065520571,
    "win_percent_harris": 99.99881100437301,
    "win_percent_trump": 0.0011889956269883761,
    "winner": "Kamala Harris"
  },
  "Michigan": {
    "Donald Trump": 45.60320006359763,
    "Kamala Harris": 45.672242826141826,
    "electoral_votes": 15,
    "mean_diff": 0.06904276254419273,
    "win_percent_harris": 50.459057821275834,
    "win_percent_trump": 49.540942178724166,
    "winner": "Kamala Harris"
  },
  "Minnesota": {
    "Donald Trump": 42.60239849309172,
    "Kamala Harris": 47.59292323297491,
    "electoral_votes": 10,
    "mean_diff": 4.990524739883192,
    "win_percent_harris": 79.72261280926037,
    "win_percent_trump": 20.277387190739628,
    "winner": "Kamala Harris"
  },
  "Mississippi": {
    "Donald Trump": 50.0,
    "Kamala Harris": 35.3,
    "electoral_votes": 6,
    "mean_diff": -14.700000000000003,
    "win_percent_harris": 0.7142810735271403,
    "win_percent_trump": 99.28571892647285,
    "winner": "Donald Trump"
  },
  "Missouri": {
    "Donald Trump": 52.44263978586148,
    "Kamala Harris": 39.520542678201075,
    "electoral_votes": 10,
    "mean_diff": -12.922097107660406,
    "win_percent_harris": 1.5632525943453113,