{
  "**National": {
    "Donald Trump": 44.57103822138959,
    "Kamala Harris": 46.10065011586425,
    "electoral_votes": 0,
    "mean_diff": 1.5296118944746553,
    "win_percent_harris": 64.89187574729326,
    "win_percent_trump": 35.10812425270674,
    "winner": "Kamala Harris"
  },
  "Alabama": {
    "Donald Trump": 55.95931848969014,
    "Kamala Harris": 32.41067414288571,
    "electoral_votes": 9,
    "mean_diff": -23.54864434680443,
    "win_percent_harris": 1.9644286881153978e-07,
    "win_percent_trump": 99.99999980355713,
    "winner": "Donald Trump"
  },
  "Alaska": {
    "Donald Trump": 51.54365311508427,
    "Kamala Harris": 42.993601764958015,
    "electoral_votes": 3,
    "mean_diff": -8.550051350126253,
    "win_percent_harris": 1.6278151352262653,
    "win_percent_trump": 98.37218486477374,
    "winner": "Donald Trump"
  },
  "Arizona": {
    "Donald Trump": 47.1900614334188,
    "Kamala Harris": 45.26033060960679,
    "electoral_votes": 11,
    "mean_diff": -1.9297308238120081,
    "win_percent_harris": 31.474929604842284,
    "win_percent_trump": 68.52507039515771,
    "winner": "Donald Trump"
  },
  "Arkansas": {
    "Donald Trump": 51.988108128398835,
    "Kamala Harris": 38.64887093610415,
    "electoral_votes": 6,
    "mean_diff": -13.339237192294682,
    "win_percent_harris": 0.04267895751158139,
    "win_percent_trump": 99.95732104248842,
    "winner": "Donald Trump"
  },
  "California": {
    "Donald Trump": 33.72441279910006,
    "Kamala Harris": 54.42026876381479,
    "electoral_votes": 54,
    "mean_diff": 20.69585596471473,
    "win_percent_harris": 99.99998854104948,
    "win_percent_trump": 1.1458950521792133e-05,
    "winner": "Kamala Harris"
  },
  "Colorado": {
    "Donald Trump": 38.957381108026695,
    "Kamala Harris": 48.27798032180304,
    "electoral_votes": 10,
    "mean_diff": 9.320599213776347,
    "win_percent_harris": 99.01008825285538,
    "win_percent_trump": 0.9899117471446228,
    "winner": "Kamala Harris"
  },
  "Connecticut": {
    "Donald Trump": 36.00837662808115,
    "Kamala Harris": 51.982281276188544,
    "electoral_votes": 7,
    "mean_diff": 15.973904648107393,
    "win_percent_harris": 99.99674441862808,
    "win_percent_trump": 0.0032555813719192805,
    "winner": "Kamala Harris"
  },
  "Delaware": {
    "Donald Trump": 36.44211659246735,
    "Kamala Harris": 53.009664922440294,
    "electoral_votes": 3,
    "mean_diff": 16.567548329972944,
    "win_percent_harris": 99.99827770035465,
    "win_percent_trump": 0.0017222996453458705,
    "winner": "Kamala Harris"
  },
  "District of Columbia": {
    "Donald Trump": 10.0,
    "Kamala Harris": 90.0,
    "electoral_votes": 3,
    "mean_diff": 80.0,
    "win_percent_harris": 100.0,
    "win_percent_trump": 0.0,
    "winner": "Kamala Harris"
  },
  "Florida": {
    "Donald Trump": 49.855052608529945,
    "Kamala Harris": 43.5250453928626,
    "electoral_votes": 30,
    "mean_diff": -6.330007215667344,
    "win_percent_harris": 5.676753041628966,
    "win_percent_trump": 94.32324695837103,
    "winner": "Donald Trump"
  },
  "Georgia": {
    "Donald Trump": 47.48280099922179,
    "Kamala Harris": 45.55248097538548,
    "electoral_votes": 16,
    "mean_diff": -1.930320023836309,
    "win_percent_harris": 31.4696989234964,
    "win_percent_trump": 68.53030107650359,
    "winner": "Donald Trump"
  },
  "Hawaii": {
    "Donald Trump": 32.47868331668394,
    "Kamala Harris": 46.503134737603354,
    "electoral_votes": 4,
    "mean_diff": 14.024451420919412,
    "win_percent_harris": 99.97726488093761,
    "win_percent_trump": 0.02273511906238923,
    "winner": "Kamala Harris"
  },
  "Idaho": {
    "Donald Trump": 53.8,
    "Kamala Harris": 24.6,
    "electoral_votes": 4,
    "mean_diff": -29.199999999999996,
    "win_percent_harris": 1.4388386381575914e-11,
    "win_percent_trump": 99.99999999998562,
    "winner": "Donald Trump"
  },
  "Illinois": {
    "Donald Trump": 40.29639112250512,
    "Kamala Harris": 55.000171210412795,
    "electoral_votes": 19,
    "mean_diff": 14.703780087907674,
    "win_percent_harris": 99.98815147217384,
    "win_percent_trump": 0.011848527826163746,
    "winner": "Kamala Harris"
  },
  "Indiana": {
    "Donald Trump": 55.01082163058617,
    "Kamala Harris": 38.29638298610753,
    "electoral_votes": 11,
    "mean_diff": -16.71443864447864,
    "win_percent_harris": 0.0014664828488940504,
    "win_percent_trump": 99.99853351715112,
    "winner": "Donald Trump"
  },
  "Iowa": {
    "Donald Trump": 48.59453299490435,
    "Kamala Harris": 39.21314787829192,
    "electoral_votes": 6,
    "mean_diff": -9.381385116612428,
    "win_percent_harris": 0.9504707740168277,
    "win_percent_trump": 99.04952922598316,
    "winner": "Donald Trump"
  },
  "Kansas": {
    "Donald Trump": 48.11176504636029,
    "Kamala Harris": 40.70208821050415,
    "electoral_votes": 6,
    "mean_diff": -7.409676835856139,
    "win_percent_harris": 3.1982824526248526,
    "win_percent_trump": 96.80171754737515,
    "winner": "Donald Trump"
  },
  "Kentucky": {
    "Donald Trump": 51.5,
    "Kamala Harris": 29.400000000000002,
    "electoral_votes": 8,
    "mean_diff": -22.099999999999998,
    "win_percent_harris": 1.6474280560818852e-06,
    "win_percent_trump": 99.99999835257194,
    "winner": "Donald Trump"
  },
  "Louisiana": {
    "Donald Trump": 50.283434428388446,
    "Kamala Harris": 35.287424178708676,
    "electoral_votes": 8,
    "mean_diff": -14.99601024967977,
    "win_percent_harris": 0.008876963588043796,
    "win_percent_trump": 99.99112303641195,
    "winner": "Donald Trump"
  },
  "Maine": {
    "Donald Trump": 41.41135688718245,
    "Kamala Harris": 48.35089518264652,
    "electoral_votes": 2,
    "mean_diff": 6.939538295464068,
    "win_percent_harris": 95.86193739878948,
    "win_percent_trump": 4.138062601210524,
    "winner": "Kamala Harris"
  },
  "Maine CD-1": {
    "Donald Trump": 35.08953767109896,
    "Kamala Harris": 58.351725701395424,
    "electoral_votes": 1,
    "mean_diff": 23.262188030296464,
    "win_percent_harris": 99.99999969782037,
    "win_percent_trump": 3.0217962576628565e-07,
    "winner": "Kamala Harris"
  },
  "Maine CD-2": {
    "Donald Trump": 47.243610957674214,
    "Kamala Harris": 43.81305875232641,
    "electoral_votes": 1,
    "mean_diff": -3.4305522053478015,
    "win_percent_harris": 19.554617842024985,
    "win_percent_trump": 80.445382157975,
    "winner": "Donald Trump"
  },
  "Maryland": {
    "Donald Trump": 32.5530507426011,
    "Kamala Harris": 59.002207448055245,
    "electoral_votes": 10,
    "mean_diff": 26.449156705454143,
    "win_percent_harris": 99.9999999981079,
    "win_percent_trump": 1.8921086919476693e-09,
    "winner": "Kamala Harris"
  },
  "Massachusetts": {
    "Donald Trump": 30.223216078795087,
    "Kamala Harris": 55.92714334353086,
    "electoral_votes": 11,
    "mean_diff": 25.70392726473577,
    "win_percent_harris": 99.99999999344895,
    "win_percent_trump": 6.551048592484676e-09,
    "winner": "Kamala Harris"
  },
  "Michigan": {
    "Donald Trump": 45.73426585972668,
    "Kamala Harris": 46.363666199952924,
    "electoral_votes": 15,
    "mean_diff": 0.6294003402262405,
    "win_percent_harris": 56.251552516394234,
    "win_percent_trump": 43.748447483605766,
    "winner": "Kamala Harris"
  },
  "Minnesota": {
    "Donald Trump": 43.10480954796866,
    "Kamala Harris": 48.026262793151965,
    "electoral_votes": 10,
    "mean_diff": 4.921453245183308,
    "win_percent_harris": 89.07194571182694,
    "win_percent_trump": 10.928054288173062,
    "winner": "Kamala Harris"
  },
  "Mississippi": {
    "Donald Trump": 49.99999999999999,
    "Kamala Harris": 35.3,
    "electoral_votes": 6,
    "mean_diff": -14.699999999999996,
    "win_percent_harris": 0.011892470732676136,
    "win_percent_trump": 99.98810752926732,
    "winner": "Donald Trump"
  },
  "Missouri": {
    "Donald Trump": 52.90505599785515,
    "Kamala Harris": 40.057656523502146,
    "electoral_votes": 10,