{
    "**National": {
        "Donald Trump": 44.242491868580245,
        "Kamala Harris": 45.42822304278801,
        "electoral_votes": 0,
        "mean_diff": 1.185731174207767,
        "win_percent_harris": 57.83295357789311,
        "win_percent_trump": 42.16704642210689,
        "winner": "Kamala Harris"
    },
    "Alabama": {
        "Donald Trump": 55.95931848969015,
        "Kamala Harris": 32.41067414288572,
        "electoral_votes": 9,
        "mean_diff": -23.54864434680443,
        "win_percent_harris": 0.004340558928676132,
        "win_percent_trump": 99.99565944107133,
        "winner": "Donald Trump"
    },
    "Alaska": {
        "Donald Trump": 50.14040932350167,
        "Kamala Harris": 41.35523133123344,
        "electoral_votes": 3,
        "mean_diff": -8.785177992268231,
        "win_percent_harris": 7.157015607214317,
        "win_percent_trump": 92.8429843927857,
        "winner": "Donald Trump"
    },
    "Arizona": {
        "Donald Trump": 46.75728443148015,
        "Kamala Harris": 44.6515824148132,
        "electoral_votes": 11,
        "mean_diff": -2.105702016666953,
        "win_percent_harris": 36.28128037258963,
        "win_percent_trump": 63.71871962741038,
        "winner": "Donald Trump"
    },
    "Arkansas": {
        "Donald Trump": 51.988108128398835,
        "Kamala Harris": 38.64887093610415,
        "electoral_votes": 6,
        "mean_diff": -13.339237192294682,
        "win_percent_harris": 1.3100949524495575,
        "win_percent_trump": 98.68990504755044,
        "winner": "Donald Trump"
    },
    "California": {
        "Donald Trump": 33.64280672455996,
        "Kamala Harris": 54.06298078809707,
        "electoral_votes": 54,
        "mean_diff": 20.42017406353711,
        "win_percent_harris": 99.9667190279052,
        "win_percent_trump": 0.03328097209479575,
        "winner": "Kamala Harris"
    },
    "Colorado": {
        "Donald Trump": 38.764114838409576,
        "Kamala Harris": 47.41816275950861,
        "electoral_votes": 10,
        "mean_diff": 8.654047921099036,
        "win_percent_harris": 92.53969455367145,
        "win_percent_trump": 7.460305446328553,
        "winner": "Kamala Harris"
    },
    "Connecticut": {
        "Donald Trump": 36.008376628081145,
        "Kamala Harris": 51.982281276188544,
        "electoral_votes": 7,
        "mean_diff": 15.9739046481074,
        "win_percent_harris": 99.61197673464117,
        "win_percent_trump": 0.3880232653588278,
        "winner": "Kamala Harris"
    },
    "Delaware": {
        "Donald Trump": 36.44211659246735,
        "Kamala Harris": 53.00966492244029,
        "electoral_votes": 3,
        "mean_diff": 16.567548329972936,
        "win_percent_harris": 99.71210419475376,
        "win_percent_trump": 0.28789580524624103,
        "winner": "Kamala Harris"
    },
    "District of Columbia": {
        "Donald Trump": 10.0,
        "Kamala Harris": 90.0,
        "electoral_votes": 3,
        "mean_diff": 80.0,
        "win_percent_harris": 100.0,
        "win_percent_trump": 0.0,
        "winner": "Kamala Harris"
    },
    "Florida": {
        "Donald Trump": 49.203867494012876,
        "Kamala Harris": 42.70469457383086,
        "electoral_votes": 30,
        "mean_diff": -6.499172920182019,
        "win_percent_harris": 13.936083130635973,
        "win_percent_trump": 86.06391686936404,
        "winner": "Donald Trump"
    },
    "Georgia": {
        "Donald Trump": 47.094109774032326,
        "Kamala Harris": 44.92138092673188,
        "electoral_votes": 16,
        "mean_diff": -2.172728847300448,
        "win_percent_harris": 35.863062837790885,
        "win_percent_trump": 64.13693716220912,
        "winner": "Donald Trump"
    },
    "Hawaii": {
        "Donald Trump": 32.47868331668395,
        "Kamala Harris": 46.50313473760336,
        "electoral_votes": 4,
        "mean_diff": 14.024451420919412,
        "win_percent_harris": 99.02910250304295,
        "win_percent_trump": 0.9708974969570461,
        "winner": "Kamala Harris"
    },
    "Idaho": {
        "Donald Trump": 53.8,
        "Kamala Harris": 24.6,
        "electoral_votes": 4,
        "mean_diff": -29.199999999999996,
        "win_percent_harris": 5.674810724272161e-05,
        "win_percent_trump": 99.99994325189276,
        "winner": "Donald Trump"
    },
    "Illinois": {
        "Donald Trump": 39.83156524087171,
        "Kamala Harris": 53.78789930754007,
        "electoral_votes": 19,
        "mean_diff": 13.956334066668362,
        "win_percent_harris": 98.99922096963338,
        "win_percent_trump": 1.0007790303666164,
        "winner": "Kamala Harris"
    },
    "Indiana": {
        "Donald Trump": 54.66972284098177,
        "Kamala Harris": 37.86431751131003,
        "electoral_votes": 11,
        "mean_diff": -16.805405329671743,
        "win_percent_harris": 0.25480083801313175,
        "win_percent_trump": 99.74519916198686,
        "winner": "Donald Trump"
    },
    "Iowa": {
        "Donald Trump": 48.594532994904334,
        "Kamala Harris": 39.21314787829191,
        "electoral_votes": 6,
        "mean_diff": -9.381385116612421,
        "win_percent_harris": 5.895997550852518,
        "win_percent_trump": 94.10400244914749,
        "winner": "Donald Trump"
    },
    "Kansas": {
        "Donald Trump": 43.8,
        "Kamala Harris": 38.8,
        "electoral_votes": 6,
        "mean_diff": -5.0,
        "win_percent_harris": 20.232838096364308,
        "win_percent_trump": 79.76716190363568,
        "winner": "Donald Trump"
    },
    "Kentucky": {
        "Donald Trump": 51.5,
        "Kamala Harris": 29.4,
        "electoral_votes": 8,
        "mean_diff": -22.1,
        "win_percent_harris": 0.011510190833391637,
        "win_percent_trump": 99.98848980916661,
        "winner": "Donald Trump"
    },
    "Louisiana": {
        "Donald Trump": 50.28343442838844,
        "Kamala Harris": 35.28742417870867,
        "electoral_votes": 8,
        "mean_diff": -14.99601024967977,
        "win_percent_harris": 0.6221330608807958,
        "win_percent_trump": 99.3778669391192,
        "winner": "Donald Trump"
    },
    "Maine": {
        "Donald Trump": 41.444212618486624,
        "Kamala Harris": 48.37892174108324,
        "electoral_votes": 2,
        "mean_diff": 6.934709122596615,
        "win_percent_harris": 87.61154150762462,
        "win_percent_trump": 12.388458492375376,
        "winner": "Kamala Harris"
    },
    "Maine CD-1": {
        "Donald Trump": 35.33288171396791,
        "Kamala Harris": 58.62560372130946,
        "electoral_votes": 1,
        "mean_diff": 23.292722007341553,
        "win_percent_harris": 99.99482251947104,
        "win_percent_trump": 0.00517748052896172,
        "winner": "Kamala Harris"
    },
    "Maine CD-2": {
        "Donald Trump": 46.95236246602613,
        "Kamala Harris": 44.90169746198019,
        "electoral_votes": 1,
        "mean_diff": -2.050665004045939,
        "win_percent_harris": 36.625917146076155,
        "win_percent_trump": 63.37408285392385,
        "winner": "Donald Trump"
    },
    "Maryland": {
        "Donald Trump": 32.3232145983648,
        "Kamala Harris": 58.26003457922113,
        "electoral_votes": 10,
        "mean_diff": 25.936819980856328,
        "win_percent_harris": 99.99922970471661,
        "win_percent_trump": 0.0007702952833921195,
        "winner": "Kamala Harris"
    },
    "Massachusetts": {
        "Donald Trump": 30.043692548291798,
        "Kamala Harris": 55.232803431595286,
        "electoral_votes": 11,
        "mean_diff": 25.18911088330349,
        "win_percent_harris": 99.99865468693203,
        "win_percent_trump": 0.0013453130679685898,
        "winner": "Kamala Harris"
    },
    "Michigan": {
        "Donald Trump": 45.44137193996842,
        "Kamala Harris": 45.68967366627276,
        "electoral_votes": 15,
        "mean_diff": 0.24830172630434078,
        "win_percent_harris": 51.650496494042066,
        "win_percent_trump": 48.349503505957934,