{
    "**National": {
        "Donald Trump": 44.439716915732795,
        "Kamala Harris": 45.79329477681811,
        "electoral_votes": 0,
        "mean_diff": 1.3535778610853129,
        "win_percent_harris": 61.821461991189054,
        "win_percent_trump": 38.178538008810946,
        "winner": "Kamala Harris"
    },
    "Alabama": {
        "Donald Trump": 55.95931848969014,
        "Kamala Harris": 32.41067414288571,
        "electoral_votes": 9,
        "mean_diff": -23.54864434680443,
        "win_percent_harris": 8.337589383580752e-06,
        "win_percent_trump": 99.99999166241061,
        "winner": "Donald Trump"
    },
    "Alaska": {
        "Donald Trump": 51.54365311508426,
        "Kamala Harris": 42.993601764958,
        "electoral_votes": 3,
        "mean_diff": -8.55005135012626,
        "win_percent_harris": 2.871581107292457,
        "win_percent_trump": 97.12841889270754,
        "winner": "Donald Trump"
    },
    "Arizona": {
        "Donald Trump": 47.01528859350055,
        "Kamala Harris": 45.13637010922153,
        "electoral_votes": 11,
        "mean_diff": -1.8789184842790192,
        "win_percent_harris": 33.81426721538283,
        "win_percent_trump": 66.18573278461717,
        "winner": "Donald Trump"
    },
    "Arkansas": {
        "Donald Trump": 51.98810812839883,
        "Kamala Harris": 38.648870936104146,
        "electoral_votes": 6,
        "mean_diff": -13.339237192294682,
        "win_percent_harris": 0.1516985448843782,
        "win_percent_trump": 99.84830145511562,
        "winner": "Donald Trump"
    },
    "California": {
        "Donald Trump": 33.6923968222886,
        "Kamala Harris": 54.343077410113644,
        "electoral_votes": 54,
        "mean_diff": 20.650680587825043,
        "win_percent_harris": 99.99977735558684,
        "win_percent_trump": 0.00022264441316144357,
        "winner": "Kamala Harris"
    },
    "Colorado": {
        "Donald Trump": 38.9573811080267,
        "Kamala Harris": 48.27798032180305,
        "electoral_votes": 10,
        "mean_diff": 9.320599213776347,
        "win_percent_harris": 98.08320127811884,
        "win_percent_trump": 1.9167987218811633,
        "winner": "Kamala Harris"
    },
    "Connecticut": {
        "Donald Trump": 36.00837662808115,
        "Kamala Harris": 51.98228127618855,
        "electoral_votes": 7,
        "mean_diff": 15.9739046481074,
        "win_percent_harris": 99.98072062518291,
        "win_percent_trump": 0.019279374817093853,
        "winner": "Kamala Harris"
    },
    "Delaware": {
        "Donald Trump": 36.44211659246735,
        "Kamala Harris": 53.009664922440294,
        "electoral_votes": 3,
        "mean_diff": 16.567548329972944,
        "win_percent_harris": 99.98841477629978,
        "win_percent_trump": 0.011585223700227854,
        "winner": "Kamala Harris"
    },
    "District of Columbia": {
        "Donald Trump": 10.0,
        "Kamala Harris": 90.0,
        "electoral_votes": 3,
        "mean_diff": 80.0,
        "win_percent_harris": 100.0,
        "win_percent_trump": 0.0,
        "winner": "Kamala Harris"
    },
    "Florida": {
        "Donald Trump": 49.44010178144832,
        "Kamala Harris": 42.968372679509436,
        "electoral_votes": 30,
        "mean_diff": -6.471729101938884,
        "win_percent_harris": 7.519404397261628,
        "win_percent_trump": 92.48059560273838,
        "winner": "Donald Trump"
    },
    "Georgia": {
        "Donald Trump": 47.30849798180483,
        "Kamala Harris": 45.44261305127192,
        "electoral_votes": 16,
        "mean_diff": -1.865884930532907,
        "win_percent_harris": 33.92023296414728,
        "win_percent_trump": 66.07976703585273,
        "winner": "Donald Trump"
    },
    "Hawaii": {
        "Donald Trump": 32.47868331668395,
        "Kamala Harris": 46.50313473760336,
        "electoral_votes": 4,
        "mean_diff": 14.024451420919412,
        "win_percent_harris": 99.90850805011081,
        "win_percent_trump": 0.09149194988918863,
        "winner": "Kamala Harris"
    },
    "Idaho": {
        "Donald Trump": 53.8,
        "Kamala Harris": 24.6,
        "electoral_votes": 4,
        "mean_diff": -29.199999999999996,
        "win_percent_harris": 4.323585311735158e-09,
        "win_percent_trump": 99.99999999567642,
        "winner": "Donald Trump"
    },
    "Illinois": {
        "Donald Trump": 39.83156524087171,
        "Kamala Harris": 53.78789930754007,
        "electoral_votes": 19,
        "mean_diff": 13.956334066668362,
        "win_percent_harris": 99.9036985045335,
        "win_percent_trump": 0.0963014954665109,
        "winner": "Kamala Harris"
    },
    "Indiana": {
        "Donald Trump": 54.66972284098177,
        "Kamala Harris": 37.86431751131002,
        "electoral_votes": 11,
        "mean_diff": -16.80540532967175,
        "win_percent_harris": 0.00940313488547021,
        "win_percent_trump": 99.99059686511454,
        "winner": "Donald Trump"
    },
    "Iowa": {
        "Donald Trump": 48.59453299490435,
        "Kamala Harris": 39.21314787829192,
        "electoral_votes": 6,
        "mean_diff": -9.381385116612428,
        "win_percent_harris": 1.8545897643688458,
        "win_percent_trump": 98.14541023563116,
        "winner": "Donald Trump"
    },
    "Kansas": {
        "Donald Trump": 43.8,
        "Kamala Harris": 38.8,
        "electoral_votes": 6,
        "mean_diff": -5.0,
        "win_percent_harris": 13.326026290250537,
        "win_percent_trump": 86.67397370974946,
        "winner": "Donald Trump"
    },
    "Kentucky": {
        "Donald Trump": 51.50000000000001,
        "Kamala Harris": 29.399999999999995,
        "electoral_votes": 8,
        "mean_diff": -22.100000000000012,
        "win_percent_harris": 4.528087505935655e-05,
        "win_percent_trump": 99.99995471912494,
        "winner": "Donald Trump"
    },
    "Louisiana": {
        "Donald Trump": 50.283434428388446,
        "Kamala Harris": 35.28742417870867,
        "electoral_votes": 8,
        "mean_diff": -14.996010249679777,
        "win_percent_harris": 0.04304297574031389,
        "win_percent_trump": 99.95695702425968,
        "winner": "Donald Trump"
    },
    "Maine": {
        "Donald Trump": 41.411356887182436,
        "Kamala Harris": 48.35089518264651,
        "electoral_votes": 2,
        "mean_diff": 6.939538295464075,
        "win_percent_harris": 93.84777361372207,
        "win_percent_trump": 6.152226386277926,
        "winner": "Kamala Harris"
    },
    "Maine CD-1": {
        "Donald Trump": 35.089537671098945,
        "Kamala Harris": 58.35172570139541,
        "electoral_votes": 1,
        "mean_diff": 23.262188030296464,
        "win_percent_harris": 99.99998825609873,
        "win_percent_trump": 1.1743901273675306e-05,
        "winner": "Kamala Harris"
    },
    "Maine CD-2": {
        "Donald Trump": 47.243610957674214,
        "Kamala Harris": 43.81305875232642,
        "electoral_votes": 1,
        "mean_diff": -3.4305522053477944,
        "win_percent_harris": 22.29270809840289,
        "win_percent_trump": 77.7072919015971,
        "winner": "Donald Trump"
    },
    "Maryland": {
        "Donald Trump": 32.5530507426011,
        "Kamala Harris": 59.00220744805523,
        "electoral_votes": 10,
        "mean_diff": 26.44915670545413,
        "win_percent_harris": 99.99999979185927,
        "win_percent_trump": 2.081407379783684e-07,
        "winner": "Kamala Harris"
    },
    "Massachusetts": {
        "Donald Trump": 30.223216078795083,
        "Kamala Harris": 55.92714334353086,
        "electoral_votes": 11,
        "mean_diff": 25.703927264735775,
        "win_percent_harris": 99.99999944166652,
        "win_percent_trump": 5.583334794501127e-07,
        "winner": "Kamala Harris"
    },
    "Michigan": {
        "Donald Trump": 45.63460526022171,
        "Kamala Harris": 46.06365053397215,
        "electoral_votes": 15,
        "mean_diff": 0.42904527375043955,