{
  "**National": {
    "Donald Trump": 44.439716915732795,
    "Kamala Harris": 45.79329477681811,
    "electoral_votes": 0,
    "mean_diff": 1.3535778610853129,
    "win_percent_harris": 63.246702777122664,
    "win_percent_trump": 36.753297222877336,
    "winner": "Kamala Harris"
  },
  "Alabama": {
    "Donald Trump": 55.95931848969014,
    "Kamala Harris": 32.41067414288571,
    "electoral_votes": 9,
    "mean_diff": -23.54864434680443,
    "win_percent_harris": 1.9644286881153978e-07,
    "win_percent_trump": 99.99999980355713,
    "winner": "Donald Trump"
  },
  "Alaska": {
    "Donald Trump": 51.54365311508426,
    "Kamala Harris": 42.993601764958,
    "electoral_votes": 3,
    "mean_diff": -8.55005135012626,
    "win_percent_harris": 1.6278151352262575,
    "win_percent_trump": 98.37218486477374,
    "winner": "Donald Trump"
  },
  "Arizona": {
    "Donald Trump": 47.01528859350055,
    "Kamala Harris": 45.13637010922153,
    "electoral_votes": 11,
    "mean_diff": -1.8789184842790192,
    "win_percent_harris": 31.927410111992526,
    "win_percent_trump": 68.07258988800747,
    "winner": "Donald Trump"
  },
  "Arkansas": {
    "Donald Trump": 51.98810812839883,
    "Kamala Harris": 38.648870936104146,
    "electoral_votes": 6,
    "mean_diff": -13.339237192294682,
    "win_percent_harris": 0.04267895751158139,
    "win_percent_trump": 99.95732104248842,
    "winner": "Donald Trump"
  },
  "California": {
    "Donald Trump": 33.6923968222886,
    "Kamala Harris": 54.343077410113644,
    "electoral_votes": 54,
    "mean_diff": 20.650680587825043,
    "win_percent_harris": 99.99998782740421,
    "win_percent_trump": 1.2172595786896778e-05,
    "winner": "Kamala Harris"
  },
  "Colorado": {
    "Donald Trump": 38.9573811080267,
    "Kamala Harris": 48.27798032180305,
    "electoral_votes": 10,
    "mean_diff": 9.320599213776347,
    "win_percent_harris": 99.01008825285538,
    "win_percent_trump": 0.9899117471446228,
    "winner": "Kamala Harris"
  },
  "Connecticut": {
    "Donald Trump": 36.00837662808115,
    "Kamala Harris": 51.98228127618855,
    "electoral_votes": 7,
    "mean_diff": 15.9739046481074,
    "win_percent_harris": 99.99674441862808,
    "win_percent_trump": 0.0032555813719192805,
    "winner": "Kamala Harris"
  },
  "Delaware": {
    "Donald Trump": 36.44211659246735,
    "Kamala Harris": 53.009664922440294,
    "electoral_votes": 3,
    "mean_diff": 16.567548329972944,
    "win_percent_harris": 99.99827770035465,
    "win_percent_trump": 0.0017222996453458705,
    "winner": "Kamala Harris"
  },
  "District of Columbia": {
    "Donald Trump": 10.0,
    "Kamala Harris": 90.0,
    "electoral_votes": 3,
    "mean_diff": 80.0,
    "win_percent_harris": 100.0,
    "win_percent_trump": 0.0,
    "winner": "Kamala Harris"
  },
  "Florida": {
    "Donald Trump": 49.44010178144832,
    "Kamala Harris": 42.968372679509436,
    "electoral_votes": 30,
    "mean_diff": -6.471729101938884,
    "win_percent_harris": 5.283859684842493,
    "win_percent_trump": 94.7161403151575,
    "winner": "Donald Trump"
  },
  "Georgia": {
    "Donald Trump": 47.30849798180483,
    "Kamala Harris": 45.44261305127192,
    "electoral_votes": 16,
    "mean_diff": -1.865884930532907,
    "win_percent_harris": 32.0439117148163,
    "win_percent_trump": 67.9560882851837,
    "winner": "Donald Trump"
  },
  "Hawaii": {
    "Donald Trump": 32.47868331668395,
    "Kamala Harris": 46.50313473760336,
    "electoral_votes": 4,
    "mean_diff": 14.024451420919412,
    "win_percent_harris": 99.97726488093761,
    "win_percent_trump": 0.02273511906238923,
    "winner": "Kamala Harris"
  },
  "Idaho": {
    "Donald Trump": 53.8,
    "Kamala Harris": 24.6,
    "electoral_votes": 4,
    "mean_diff": -29.199999999999996,
    "win_percent_harris": 1.4388386381575914e-11,
    "win_percent_trump": 99.99999999998562,
    "winner": "Donald Trump"
  },
  "Illinois": {
    "Donald Trump": 39.83156524087171,
    "Kamala Harris": 53.78789930754007,
    "electoral_votes": 19,
    "mean_diff": 13.956334066668362,
    "win_percent_harris": 99.97576601542067,
    "win_percent_trump": 0.024233984579324908,
    "winner": "Kamala Harris"
  },
  "Indiana": {
    "Donald Trump": 54.66972284098177,
    "Kamala Harris": 37.86431751131002,
    "electoral_votes": 11,
    "mean_diff": -16.80540532967175,
    "win_percent_harris": 0.001326632297013031,
    "win_percent_trump": 99.99867336770298,
    "winner": "Donald Trump"
  },
  "Iowa": {
    "Donald Trump": 48.59453299490435,
    "Kamala Harris": 39.21314787829192,
    "electoral_votes": 6,
    "mean_diff": -9.381385116612428,
    "win_percent_harris": 0.9504707740168277,
    "win_percent_trump": 99.04952922598316,
    "winner": "Donald Trump"
  },
  "Kansas": {
    "Donald Trump": 43.8,
    "Kamala Harris": 38.8,
    "electoral_votes": 6,
    "mean_diff": -5.0,
    "win_percent_harris": 10.564977366685536,
    "win_percent_trump": 89.43502263331446,
    "winner": "Donald Trump"
  },
  "Kentucky": {
    "Donald Trump": 51.50000000000001,
    "Kamala Harris": 29.399999999999995,
    "electoral_votes": 8,
    "mean_diff": -22.100000000000012,
    "win_percent_harris": 1.6474280560818492e-06,
    "win_percent_trump": 99.99999835257194,
    "winner": "Donald Trump"
  },
  "Louisiana": {
    "Donald Trump": 50.283434428388446,
    "Kamala Harris": 35.28742417870867,
    "electoral_votes": 8,
    "mean_diff": -14.996010249679777,
    "win_percent_harris": 0.008876963588043739,
    "win_percent_trump": 99.99112303641195,
    "winner": "Donald Trump"
  },
  "Maine": {
    "Donald Trump": 41.411356887182436,
    "Kamala Harris": 48.35089518264651,
    "electoral_votes": 2,
    "mean_diff": 6.939538295464075,
    "win_percent_harris": 95.8619373987895,
    "win_percent_trump": 4.1380626012105015,
    "winner": "Kamala Harris"
  },
  "Maine CD-1": {
    "Donald Trump": 35.089537671098945,
    "Kamala Harris": 58.35172570139541,
    "electoral_votes": 1,
    "mean_diff": 23.262188030296464,
    "win_percent_harris": 99.99999969782037,
    "win_percent_trump": 3.0217962576628565e-07,
    "winner": "Kamala Harris"
  },
  "Maine CD-2": {
    "Donald Trump": 47.243610957674214,
    "Kamala Harris": 43.81305875232642,
    "electoral_votes": 1,
    "mean_diff": -3.4305522053477944,
    "win_percent_harris": 19.554617842025035,
    "win_percent_trump": 80.44538215797496,
    "winner": "Donald Trump"
  },
  "Maryland": {
    "Donald Trump": 32.5530507426011,
    "Kamala Harris": 59.00220744805523,
    "electoral_votes": 10,
    "mean_diff": 26.44915670545413,
    "win_percent_harris": 99.9999999981079,
    "win_percent_trump": 1.8921086919476693e-09,
    "winner": "Kamala Harris"
  },
  "Massachusetts": {
    "Donald Trump": 30.223216078795083,
    "Kamala Harris": 55.92714334353086,
    "electoral_votes": 11,
    "mean_diff": 25.703927264735775,
    "win_percent_harris": 99.99999999344895,
    "win_percent_trump": 6.551048592484676e-09,
    "winner": "Kamala Harris"
  },
  "Michigan": {
    "Donald Trump": 45.63460526022171,
    "Kamala Harris": 46.06365053397215,
    "electoral_votes": 15,
    "mean_diff": 0.42904527375043955,
    "win_percent_harris": 54.27091645654093,
    "win_percent_trump": 45.72908354345907,
    "winner": "Kamala Harris"
  },
  "Minnesota": {
    "Donald Trump": 42.906032483514835,
    "Kamala Harris": 47.23908103085332,
    "electoral_votes": 10,
    "mean_diff": 4.333048547338485,
    "win_percent_harris": 86.06539568445946,
    "win_percent_trump": 13.934604315540543,
    "winner": "Kamala Harris"
  },
  "Mississippi": {
    "Donald Trump": 50.0,
    "Kamala Harris": 35.3,
    "electoral_votes": 6,
    "mean_diff": -14.700000000000003,
    "win_percent_harris": 0.011892470732676045,
    "win_percent_trump": 99.98810752926732,
    "winner": "Donald Trump"
  },
  "Missouri": {
    "Donald Trump": 52.59661797967734,
    "Kamala Harris": 39.94007082044842,
    "electoral_votes": 10,
    "mean_diff": -12.656547159228921,