{
  "**National": {
    "Donald Trump": 44.37342649853971,
    "Kamala Harris": 45.65775712168767,
    "electoral_votes": 0,
    "mean_diff": 1.2843306231479659,
    "win_percent_harris": 61.233375274360434,
    "win_percent_trump": 38.766624725639566,
    "winner": "Kamala Harris"
  },
  "Alabama": {
    "Donald Trump": 55.95931848969013,
    "Kamala Harris": 32.41067414288571,
    "electoral_votes": 9,
    "mean_diff": -23.548644346804423,
    "win_percent_harris": 8.337589383580818e-06,
    "win_percent_trump": 99.99999166241061,
    "winner": "Donald Trump"
  },
  "Alaska": {
    "Donald Trump": 50.80903454052787,
    "Kamala Harris": 42.48594878439397,
    "electoral_votes": 3,
    "mean_diff": -8.3230857561339,
    "win_percent_harris": 3.218744235887615,
    "win_percent_trump": 96.78125576411239,
    "winner": "Donald Trump"
  },
  "Arizona": {
    "Donald Trump": 46.9611655739461,
    "Kamala Harris": 44.90146059948911,
    "electoral_votes": 11,
    "mean_diff": -2.0597049744569844,
    "win_percent_harris": 32.35796049902139,
    "win_percent_trump": 67.64203950097861,
    "winner": "Donald Trump"
  },
  "Arkansas": {
    "Donald Trump": 51.98810812839882,
    "Kamala Harris": 38.648870936104146,
    "electoral_votes": 6,
    "mean_diff": -13.339237192294675,
    "win_percent_harris": 0.15169854488437878,
    "win_percent_trump": 99.84830145511562,
    "winner": "Donald Trump"
  },
  "California": {
    "Donald Trump": 33.71044957636589,
    "Kamala Harris": 54.22165819563167,
    "electoral_votes": 54,
    "mean_diff": 20.51120861926578,
    "win_percent_harris": 99.9997418417887,
    "win_percent_trump": 0.00025815821129704375,
    "winner": "Kamala Harris"
  },
  "Colorado": {
    "Donald Trump": 38.9573811080267,
    "Kamala Harris": 48.27798032180304,
    "electoral_votes": 10,
    "mean_diff": 9.32059921377634,
    "win_percent_harris": 98.08320127811884,
    "win_percent_trump": 1.9167987218811633,
    "winner": "Kamala Harris"
  },
  "Connecticut": {
    "Donald Trump": 36.008376628081145,
    "Kamala Harris": 51.982281276188544,
    "electoral_votes": 7,
    "mean_diff": 15.9739046481074,
    "win_percent_harris": 99.98072062518291,
    "win_percent_trump": 0.019279374817093853,
    "winner": "Kamala Harris"
  },
  "Delaware": {
    "Donald Trump": 36.44211659246736,
    "Kamala Harris": 53.0096649224403,
    "electoral_votes": 3,
    "mean_diff": 16.567548329972944,
    "win_percent_harris": 99.98841477629978,
    "win_percent_trump": 0.011585223700227854,
    "winner": "Kamala Harris"
  },
  "District of Columbia": {
    "Donald Trump": 10.0,
    "Kamala Harris": 90.0,
    "electoral_votes": 3,
    "mean_diff": 80.0,
    "win_percent_harris": 100.0,
    "win_percent_trump": 0.0,
    "winner": "Kamala Harris"
  },
  "Florida": {
    "Donald Trump": 49.356291634924844,
    "Kamala Harris": 42.8610999095448,
    "electoral_votes": 30,
    "mean_diff": -6.495191725380046,
    "win_percent_harris": 7.445729914382053,
    "win_percent_trump": 92.55427008561796,
    "winner": "Donald Trump"
  },
  "Georgia": {
    "Donald Trump": 47.27239414694874,
    "Kamala Harris": 45.28631016290719,
    "electoral_votes": 16,
    "mean_diff": -1.9860839840415494,
    "win_percent_harris": 32.94790943317888,
    "win_percent_trump": 67.05209056682112,
    "winner": "Donald Trump"
  },
  "Hawaii": {
    "Donald Trump": 32.47868331668395,
    "Kamala Harris": 46.503134737603354,
    "electoral_votes": 4,
    "mean_diff": 14.024451420919405,
    "win_percent_harris": 99.90850805011081,
    "win_percent_trump": 0.09149194988918863,
    "winner": "Kamala Harris"
  },
  "Idaho": {
    "Donald Trump": 53.8,
    "Kamala Harris": 24.6,
    "electoral_votes": 4,
    "mean_diff": -29.199999999999996,
    "win_percent_harris": 4.323585311735158e-09,
    "win_percent_trump": 99.99999999567642,
    "winner": "Donald Trump"
  },
  "Illinois": {
    "Donald Trump": 39.83156524087171,
    "Kamala Harris": 53.78789930754007,
    "electoral_votes": 19,
    "mean_diff": 13.956334066668362,
    "win_percent_harris": 99.9036985045335,
    "win_percent_trump": 0.0963014954665109,
    "winner": "Kamala Harris"
  },
  "Indiana": {
    "Donald Trump": 54.66972284098176,
    "Kamala Harris": 37.86431751131001,
    "electoral_votes": 11,
    "mean_diff": -16.80540532967175,
    "win_percent_harris": 0.00940313488547021,
    "win_percent_trump": 99.99059686511454,
    "winner": "Donald Trump"
  },
  "Iowa": {
    "Donald Trump": 48.59453299490435,
    "Kamala Harris": 39.21314787829192,
    "electoral_votes": 6,
    "mean_diff": -9.381385116612428,
    "win_percent_harris": 1.8545897643688458,
    "win_percent_trump": 98.14541023563116,
    "winner": "Donald Trump"
  },
  "Kansas": {
    "Donald Trump": 43.8,
    "Kamala Harris": 38.8,
    "electoral_votes": 6,
    "mean_diff": -5.0,
    "win_percent_harris": 13.326026290250537,
    "win_percent_trump": 86.67397370974946,
    "winner": "Donald Trump"
  },
  "Kentucky": {
    "Donald Trump": 51.5,
    "Kamala Harris": 29.4,
    "electoral_votes": 8,
    "mean_diff": -22.1,
    "win_percent_harris": 4.528087505935706e-05,
    "win_percent_trump": 99.99995471912494,
    "winner": "Donald Trump"
  },
  "Louisiana": {
    "Donald Trump": 50.28343442838844,
    "Kamala Harris": 35.28742417870867,
    "electoral_votes": 8,
    "mean_diff": -14.99601024967977,
    "win_percent_harris": 0.04304297574031421,
    "win_percent_trump": 99.95695702425968,
    "winner": "Donald Trump"
  },
  "Maine": {
    "Donald Trump": 41.444212618486624,
    "Kamala Harris": 48.378921741083225,
    "electoral_votes": 2,
    "mean_diff": 6.934709122596601,
    "win_percent_harris": 93.83472619413358,
    "win_percent_trump": 6.1652738058664225,
    "winner": "Kamala Harris"
  },
  "Maine CD-1": {
    "Donald Trump": 35.33288171396791,
    "Kamala Harris": 58.62560372130947,
    "electoral_votes": 1,
    "mean_diff": 23.29272200734156,
    "win_percent_harris": 99.99998867506527,
    "win_percent_trump": 1.1324934734435743e-05,
    "winner": "Kamala Harris"
  },
  "Maine CD-2": {
    "Donald Trump": 46.95236246602613,
    "Kamala Harris": 44.9016974619802,
    "electoral_votes": 1,
    "mean_diff": -2.050665004045932,
    "win_percent_harris": 32.43016620176618,
    "win_percent_trump": 67.56983379823383,
    "winner": "Donald Trump"
  },
  "Maryland": {
    "Donald Trump": 32.409903387624716,
    "Kamala Harris": 58.57228664677234,
    "electoral_votes": 10,
    "mean_diff": 26.162383259147624,
    "win_percent_harris": 99.99999969476299,
    "win_percent_trump": 3.0523701344264964e-07,
    "winner": "Kamala Harris"
  },
  "Massachusetts": {
    "Donald Trump": 30.22321607879509,
    "Kamala Harris": 55.927143343530865,
    "electoral_votes": 11,
    "mean_diff": 25.703927264735775,
    "win_percent_harris": 99.99999944166652,
    "win_percent_trump": 5.583334794501127e-07,
    "winner": "Kamala Harris"
  },
  "Michigan": {
    "Donald Trump": 45.63906258282776,
    "Kamala Harris": 45.89824165381873,
    "electoral_votes": 15,
    "mean_diff": 0.2591790709909674,
    "win_percent_harris": 52.296452280081965,
    "win_percent_trump": 47.703547719918035,
    "winner": "Kamala Harris"
  },
  "Minnesota": {
    "Donald Trump": 42.90603248351484,
    "Kamala Harris": 47.23908103085333,
    "electoral_votes": 10,
    "mean_diff": 4.333048547338485,
    "win_percent_harris": 83.22010641976911,
    "win_percent_trump": 16.779893580230887,
    "winner": "Kamala Harris"
  },
  "Mississippi": {
    "Donald Trump": 49.99999999999999,
    "Kamala Harris": 35.3,
    "electoral_votes": 6,
    "mean_diff": -14.699999999999996,
    "win_percent_harris": 0.0544108652467143,
    "win_percent_trump": 99.94558913475329,
    "winner": "Donald Trump"
  },
  "Missouri": {
    "Donald Trump": 52.59661797967733,
    "Kamala Harris": 39.94007082044841,
    "electoral_votes": 10,
    "mean_diff": -12.656547159228921,
    "win_percent_harris": 0.2457396539648534,