{
  "**National": {
    "Donald Trump": 44.34783930977809,
    "Kamala Harris": 45.64754276034642,
    "electoral_votes": 0,
    "mean_diff": 1.2997034505683303,
    "win_percent_harris": 59.34038268164399,
    "win_percent_trump": 40.65961731835601,
    "winner": "Kamala Harris"
  },
  "Alabama": {
    "Donald Trump": 55.95931848969013,
    "Kamala Harris": 32.41067414288571,
    "electoral_votes": 9,
    "mean_diff": -23.548644346804423,
    "win_percent_harris": 0.0009278895425429311,
    "win_percent_trump": 99.99907211045745,
    "winner": "Donald Trump"
  },
  "Alaska": {
    "Donald Trump": 50.80903454052788,
    "Kamala Harris": 42.485948784393976,
    "electoral_votes": 3,
    "mean_diff": -8.323085756133906,
    "win_percent_harris": 6.510321920987554,
    "win_percent_trump": 93.48967807901245,
    "winner": "Donald Trump"
  },
  "Arizona": {
    "Donald Trump": 46.8667974073474,
    "Kamala Harris": 44.78841101067809,
    "electoral_votes": 11,
    "mean_diff": -2.078386396669309,
    "win_percent_harris": 35.27567367614957,
    "win_percent_trump": 64.72432632385043,
    "winner": "Donald Trump"
  },
  "Arkansas": {
    "Donald Trump": 51.98810812839883,
    "Kamala Harris": 38.64887093610415,
    "electoral_votes": 6,
    "mean_diff": -13.339237192294675,
    "win_percent_harris": 0.7647536547504168,
    "win_percent_trump": 99.23524634524958,
    "winner": "Donald Trump"
  },
  "California": {
    "Donald Trump": 33.710449576365875,
    "Kamala Harris": 54.221658195631655,
    "electoral_votes": 54,
    "mean_diff": 20.51120861926578,
    "win_percent_harris": 99.99039978406643,
    "win_percent_trump": 0.009600215933569523,
    "winner": "Kamala Harris"
  },
  "Colorado": {
    "Donald Trump": 38.76411483840958,
    "Kamala Harris": 47.418162759508604,
    "electoral_votes": 10,
    "mean_diff": 8.654047921099021,
    "win_percent_harris": 94.21942052866208,
    "win_percent_trump": 5.780579471337921,
    "winner": "Kamala Harris"
  },
  "Connecticut": {
    "Donald Trump": 36.008376628081145,
    "Kamala Harris": 51.98228127618855,
    "electoral_votes": 7,
    "mean_diff": 15.973904648107407,
    "win_percent_harris": 99.81598957457997,
    "win_percent_trump": 0.18401042542002255,
    "winner": "Kamala Harris"
  },
  "Delaware": {
    "Donald Trump": 36.44211659246734,
    "Kamala Harris": 53.00966492244029,
    "electoral_votes": 3,
    "mean_diff": 16.567548329972944,
    "win_percent_harris": 99.87035399296053,
    "win_percent_trump": 0.12964600703946338,
    "winner": "Kamala Harris"
  },
  "District of Columbia": {
    "Donald Trump": 10.0,
    "Kamala Harris": 90.0,
    "electoral_votes": 3,
    "mean_diff": 80.0,
    "win_percent_harris": 100.0,
    "win_percent_trump": 0.0,
    "winner": "Kamala Harris"
  },
  "Florida": {
    "Donald Trump": 49.27278769214367,
    "Kamala Harris": 42.798900675701915,
    "electoral_votes": 30,
    "mean_diff": -6.473887016441758,
    "win_percent_harris": 11.958371082025815,
    "win_percent_trump": 88.04162891797418,
    "winner": "Donald Trump"
  },
  "Georgia": {
    "Donald Trump": 47.22788603136409,
    "Kamala Harris": 45.13785745006461,
    "electoral_votes": 16,
    "mean_diff": -2.090028581299485,
    "win_percent_harris": 35.19707788395269,
    "win_percent_trump": 64.80292211604731,
    "winner": "Donald Trump"
  },
  "Hawaii": {
    "Donald Trump": 32.47868331668395,
    "Kamala Harris": 46.503134737603354,
    "electoral_votes": 4,
    "mean_diff": 14.024451420919405,
    "win_percent_harris": 99.46123129065663,
    "win_percent_trump": 0.5387687093433735,
    "winner": "Kamala Harris"
  },
  "Idaho": {
    "Donald Trump": 53.8,
    "Kamala Harris": 24.6,
    "electoral_votes": 4,
    "mean_diff": -29.199999999999996,
    "win_percent_harris": 5.50866869451833e-06,
    "win_percent_trump": 99.99999449133131,
    "winner": "Donald Trump"
  },
  "Illinois": {
    "Donald Trump": 39.83156524087172,
    "Kamala Harris": 53.787899307540066,
    "electoral_votes": 19,
    "mean_diff": 13.956334066668347,
    "win_percent_harris": 99.4417875359384,
    "win_percent_trump": 0.5582124640616026,
    "winner": "Kamala Harris"
  },
  "Indiana": {
    "Donald Trump": 54.66972284098178,
    "Kamala Harris": 37.86431751131002,
    "electoral_votes": 11,
    "mean_diff": -16.805405329671757,
    "win_percent_harris": 0.11233222158938462,
    "win_percent_trump": 99.88766777841062,
    "winner": "Donald Trump"
  },
  "Iowa": {
    "Donald Trump": 48.594532994904355,
    "Kamala Harris": 39.21314787829193,
    "electoral_votes": 6,
    "mean_diff": -9.381385116612428,
    "win_percent_harris": 4.4031380152013995,
    "win_percent_trump": 95.5968619847986,
    "winner": "Donald Trump"
  },
  "Kansas": {
    "Donald Trump": 43.8,
    "Kamala Harris": 38.8,
    "electoral_votes": 6,
    "mean_diff": -5.0,
    "win_percent_harris": 18.165107044344897,
    "win_percent_trump": 81.8348929556551,
    "winner": "Donald Trump"
  },
  "Kentucky": {
    "Donald Trump": 51.5,
    "Kamala Harris": 29.4,
    "electoral_votes": 8,
    "mean_diff": -22.1,
    "win_percent_harris": 0.0029324468152154793,
    "win_percent_trump": 99.99706755318478,
    "winner": "Donald Trump"
  },
  "Louisiana": {
    "Donald Trump": 50.28343442838844,
    "Kamala Harris": 35.28742417870867,
    "electoral_votes": 8,
    "mean_diff": -14.99601024967977,
    "win_percent_harris": 0.3200038770925982,
    "win_percent_trump": 99.6799961229074,
    "winner": "Donald Trump"
  },
  "Maine": {
    "Donald Trump": 41.44421261848662,
    "Kamala Harris": 48.37892174108323,
    "electoral_votes": 2,
    "mean_diff": 6.934709122596615,
    "win_percent_harris": 89.63196701174874,
    "win_percent_trump": 10.368032988251263,
    "winner": "Kamala Harris"
  },
  "Maine CD-1": {
    "Donald Trump": 35.332881713967915,
    "Kamala Harris": 58.62560372130946,
    "electoral_votes": 1,
    "mean_diff": 23.292722007341546,
    "win_percent_harris": 99.99885744672522,
    "win_percent_trump": 0.0011425532747799672,
    "winner": "Kamala Harris"
  },
  "Maine CD-2": {
    "Donald Trump": 46.95236246602614,
    "Kamala Harris": 44.90169746198019,
    "electoral_votes": 1,
    "mean_diff": -2.050665004045946,
    "win_percent_harris": 35.4630719913596,
    "win_percent_trump": 64.5369280086404,
    "winner": "Donald Trump"
  },
  "Maryland": {
    "Donald Trump": 32.409903387624716,
    "Kamala Harris": 58.57228664677235,
    "electoral_votes": 10,
    "mean_diff": 26.16238325914763,
    "win_percent_harris": 99.99990165558864,
    "win_percent_trump": 9.834441135891936e-05,
    "winner": "Kamala Harris"
  },
  "Massachusetts": {
    "Donald Trump": 30.223216078795094,
    "Kamala Harris": 55.92714334353086,
    "electoral_votes": 11,
    "mean_diff": 25.703927264735764,
    "win_percent_harris": 99.9998519028209,
    "win_percent_trump": 0.0001480971791090191,
    "winner": "Kamala Harris"
  },
  "Michigan": {
    "Donald Trump": 45.51566694008981,
    "Kamala Harris": 45.844528200251844,
    "electoral_votes": 15,
    "mean_diff": 0.32886126016203576,
    "win_percent_harris": 52.383973223737016,
    "win_percent_trump": 47.616026776262984,
    "winner": "Kamala Harris"
  },
  "Minnesota": {
    "Donald Trump": 42.90603248351483,
    "Kamala Harris": 47.23908103085332,
    "electoral_votes": 10,
    "mean_diff": 4.3330485473384925,
    "win_percent_harris": 78.46010496949138,
    "win_percent_trump": 21.539895030508617,
    "winner": "Kamala Harris"
  },
  "Mississippi": {
    "Donald Trump": 50.0,
    "Kamala Harris": 35.3,
    "electoral_votes": 6,
    "mean_diff": -14.700000000000003,
    "win_percent_harris": 0.37618695225754867,
    "win_percent_trump": 99.62381304774244,
    "winner": "Donald Trump"
  },
  "Missouri": {
    "Donald Trump": 52.59661797967734,
    "Kamala Harris": 39.940070820448405,
    "electoral_votes": 10,
    "mean_diff": -12.656547159228936,
    "win_percent_harris": 1.0690435853230642,