{
  "**National": {
    "Donald Trump": 44.17796397768852,
    "Kamala Harris": 45.538784086891475,
    "electoral_votes": 0,
    "mean_diff": 1.3608201092029546,
    "win_percent_harris": 58.97116712667935,
    "win_percent_trump": 41.02883287332065,
    "winner": "Kamala Harris"
  },
  "Alabama": {
    "Donald Trump": 55.599999999999994,
    "Kamala Harris": 29.4,
    "electoral_votes": 9,
    "mean_diff": -26.199999999999996,
    "win_percent_harris": 0.0006307851554811371,
    "win_percent_trump": 99.9993692148445,
    "winner": "Donald Trump"
  },
  "Alaska": {
    "Donald Trump": 49.96944196893043,
    "Kamala Harris": 41.328137486784286,
    "electoral_votes": 3,
    "mean_diff": -8.641304482146147,
    "win_percent_harris": 7.490294901526918,
    "win_percent_trump": 92.50970509847308,
    "winner": "Donald Trump"
  },
  "Arizona": {
    "Donald Trump": 46.91693504443869,
    "Kamala Harris": 44.56601434693822,
    "electoral_votes": 11,
    "mean_diff": -2.35092069750047,
    "win_percent_harris": 34.75955652571948,
    "win_percent_trump": 65.24044347428053,
    "winner": "Donald Trump"
  },
  "Arkansas": {
    "Donald Trump": 49.4536339655619,
    "Kamala Harris": 37.51191056399039,
    "electoral_votes": 6,
    "mean_diff": -11.941723401571508,
    "win_percent_harris": 2.327965175987844,
    "win_percent_trump": 97.67203482401216,
    "winner": "Donald Trump"
  },
  "California": {
    "Donald Trump": 33.84284127012505,
    "Kamala Harris": 56.25643696952439,
    "electoral_votes": 54,
    "mean_diff": 22.413595699399337,
    "win_percent_harris": 99.99063656624973,
    "win_percent_trump": 0.009363433750264605,
    "winner": "Kamala Harris"
  },
  "Colorado": {
    "Donald Trump": 39.03935588902801,
    "Kamala Harris": 48.534487385483665,
    "electoral_votes": 10,
    "mean_diff": 9.495131496455656,
    "win_percent_harris": 94.32347633935856,
    "win_percent_trump": 5.6765236606414415,
    "winner": "Kamala Harris"
  },
  "Connecticut": {
    "Donald Trump": 36.07768265933241,
    "Kamala Harris": 52.053411150367474,
    "electoral_votes": 7,
    "mean_diff": 15.975728491035063,
    "win_percent_harris": 99.61232703870513,
    "win_percent_trump": 0.3876729612948715,
    "winner": "Kamala Harris"
  },
  "Delaware": {
    "Donald Trump": 36.44077598256479,
    "Kamala Harris": 51.71130211406794,
    "electoral_votes": 3,
    "mean_diff": 15.270526131503154,
    "win_percent_harris": 99.45374850322183,
    "win_percent_trump": 0.5462514967781718,
    "winner": "Kamala Harris"
  },
  "District of Columbia": {
    "Donald Trump": 10.0,
    "Kamala Harris": 90.0,
    "electoral_votes": 3,
    "mean_diff": 80.0,
    "win_percent_harris": 100.0,
    "win_percent_trump": 0.0,
    "winner": "Kamala Harris"
  },
  "Florida": {
    "Donald Trump": 48.402265472304045,
    "Kamala Harris": 42.48490061587409,
    "electoral_votes": 30,
    "mean_diff": -5.9173648564299555,
    "win_percent_harris": 16.20107495931094,
    "win_percent_trump": 83.79892504068907,
    "winner": "Donald Trump"
  },
  "Georgia": {
    "Donald Trump": 47.24500375802713,
    "Kamala Harris": 44.88702700287686,
    "electoral_votes": 16,
    "mean_diff": -2.3579767551502684,
    "win_percent_harris": 34.71611713902551,
    "win_percent_trump": 65.28388286097449,
    "winner": "Donald Trump"
  },
  "Hawaii": {
    "Donald Trump": 31.112361032180065,
    "Kamala Harris": 45.340307261429835,
    "electoral_votes": 4,
    "mean_diff": 14.22794622924977,
    "win_percent_harris": 99.11377659324197,
    "win_percent_trump": 0.8862234067580355,
    "winner": "Kamala Harris"
  },
  "Idaho": {
    "Donald Trump": 53.8,
    "Kamala Harris": 24.6,
    "electoral_votes": 4,
    "mean_diff": -29.199999999999996,
    "win_percent_harris": 5.674810724272161e-05,
    "win_percent_trump": 99.99994325189276,
    "winner": "Donald Trump"
  },
  "Illinois": {
    "Donald Trump": 37.99244407699168,
    "Kamala Harris": 48.79435398935061,
    "electoral_votes": 19,
    "mean_diff": 10.80190991235893,
    "win_percent_harris": 96.40948050020802,
    "win_percent_trump": 3.5905194997919776,
    "winner": "Kamala Harris"
  },
  "Indiana": {
    "Donald Trump": 54.89839091316993,
    "Kamala Harris": 40.569163619682904,
    "electoral_votes": 11,
    "mean_diff": -14.32922729348703,
    "win_percent_harris": 0.846545776073879,
    "win_percent_trump": 99.15345422392612,
    "winner": "Donald Trump"
  },
  "Iowa": {
    "Donald Trump": 48.518844045478666,
    "Kamala Harris": 39.37450960812981,
    "electoral_votes": 6,
    "mean_diff": -9.144334437348853,
    "win_percent_harris": 6.374739391403995,
    "win_percent_trump": 93.62526060859601,
    "winner": "Donald Trump"
  },
  "Kansas": {
    "Donald Trump": 43.8,
    "Kamala Harris": 38.8,
    "electoral_votes": 6,
    "mean_diff": -5.0,
    "win_percent_harris": 20.232838096364308,
    "win_percent_trump": 79.76716190363568,
    "winner": "Donald Trump"
  },
  "Kentucky": {
    "Donald Trump": 51.5,
    "Kamala Harris": 29.4,
    "electoral_votes": 8,
    "mean_diff": -22.1,
    "win_percent_harris": 0.011510190833391637,
    "win_percent_trump": 99.98848980916661,
    "winner": "Donald Trump"
  },
  "Louisiana": {
    "Donald Trump": 50.43227596631139,
    "Kamala Harris": 35.175793025266465,
    "electoral_votes": 8,
    "mean_diff": -15.256482941044922,
    "win_percent_harris": 0.5499239251283605,
    "win_percent_trump": 99.45007607487165,
    "winner": "Donald Trump"
  },
  "Maine": {
    "Donald Trump": 41.55869946665162,
    "Kamala Harris": 50.06712785550727,
    "electoral_votes": 2,
    "mean_diff": 8.508428388855656,
    "win_percent_harris": 92.19150396322901,
    "win_percent_trump": 7.808496036770984,
    "winner": "Kamala Harris"
  },
  "Maine CD-1": {
    "Donald Trump": 35.77174424684427,
    "Kamala Harris": 59.74562740255545,
    "electoral_votes": 1,
    "mean_diff": 23.973883155711178,
    "win_percent_harris": 99.99677411219304,
    "win_percent_trump": 0.0032258878069679753,
    "winner": "Kamala Harris"
  },
  "Maine CD-2": {
    "Donald Trump": 47.00574886042396,
    "Kamala Harris": 46.20657036254126,
    "electoral_votes": 1,
    "mean_diff": -0.7991784978826999,
    "win_percent_harris": 44.70190224811353,
    "win_percent_trump": 55.29809775188647,
    "winner": "Donald Trump"
  },
  "Maryland": {
    "Donald Trump": 32.42870686171813,
    "Kamala Harris": 59.691678849504804,
    "electoral_votes": 10,
    "mean_diff": 27.26297198778667,
    "win_percent_harris": 99.99972379217735,
    "win_percent_trump": 0.00027620782264703436,
    "winner": "Kamala Harris"
  },
  "Massachusetts": {
    "Donald Trump": 29.672502431646386,
    "Kamala Harris": 54.89630922587492,
    "electoral_votes": 11,
    "mean_diff": 25.223806794228537,
    "win_percent_harris": 99.99868861866771,
    "win_percent_trump": 0.0013113813322807033,
    "winner": "Kamala Harris"
  },
  "Michigan": {
    "Donald Trump": 45.42884446048363,
    "Kamala Harris": 45.959941190434236,
    "electoral_votes": 15,
    "mean_diff": 0.5310967299506046,
    "win_percent_harris": 53.52667642987379,
    "win_percent_trump": 46.47332357012621,
    "winner": "Kamala Harris"
  },
  "Minnesota": {
    "Donald Trump": 43.18266100229418,
    "Kamala Harris": 47.82833521671922,
    "electoral_votes": 10,
    "mean_diff": 4.645674214425036,
    "win_percent_harris": 78.06171008274931,
    "win_percent_trump": 21.938289917250685,
    "winner": "Kamala Harris"
  },
  "Mississippi": {
    "Donald Trump": 50.0,
    "Kamala Harris": 35.3,
    "electoral_votes": 6,
    "mean_diff": -14.700000000000003,
    "win_percent_harris": 0.7142810735271403,
    "win_percent_trump": 99.28571892647285,
    "winner": "Donald Trump"
  },
  "Missouri": {
    "Donald Trump": 52.92153436761413,
    "Kamala Harris": 40.957621935846575,
    "electoral_votes": 10,
    "mean_diff": -11.963912431767554,
    "win_percent_harris": 2.3076824751140323,
    "win_percent_trump": 97.69231752488596,