{
  "**National": {
    "Donald Trump": 44.34900623828741,
    "Kamala Harris": 45.64858455086271,
    "electoral_votes": 0,
    "mean_diff": 1.2995783125752993,
    "win_percent_harris": 59.339499984479296,
    "win_percent_trump": 40.660500015520704,
    "winner": "Kamala Harris"
  },
  "Alabama": {
    "Donald Trump": 55.95931848969015,
    "Kamala Harris": 32.41067414288571,
    "electoral_votes": 9,
    "mean_diff": -23.548644346804437,
    "win_percent_harris": 0.0009278895425429207,
    "win_percent_trump": 99.99907211045745,
    "winner": "Donald Trump"
  },
  "Alaska": {
    "Donald Trump": 50.809034540527875,
    "Kamala Harris": 42.48594878439397,
    "electoral_votes": 3,
    "mean_diff": -8.323085756133906,
    "win_percent_harris": 6.510321920987554,
    "win_percent_trump": 93.48967807901245,
    "winner": "Donald Trump"
  },
  "Arizona": {
    "Donald Trump": 46.866797407347406,
    "Kamala Harris": 44.78841101067809,
    "electoral_votes": 11,
    "mean_diff": -2.078386396669316,
    "win_percent_harris": 35.27567367614953,
    "win_percent_trump": 64.72432632385046,
    "winner": "Donald Trump"
  },
  "Arkansas": {
    "Donald Trump": 51.98810812839883,
    "Kamala Harris": 38.648870936104146,
    "electoral_votes": 6,
    "mean_diff": -13.339237192294682,
    "win_percent_harris": 0.7647536547504141,
    "win_percent_trump": 99.23524634524958,
    "winner": "Donald Trump"
  },
  "California": {
    "Donald Trump": 33.71044957636588,
    "Kamala Harris": 54.22165819563166,
    "electoral_votes": 54,
    "mean_diff": 20.51120861926578,
    "win_percent_harris": 99.99039978406643,
    "win_percent_trump": 0.009600215933569523,
    "winner": "Kamala Harris"
  },
  "Colorado": {
    "Donald Trump": 38.76411483840958,
    "Kamala Harris": 47.41816275950862,
    "electoral_votes": 10,
    "mean_diff": 8.654047921099036,
    "win_percent_harris": 94.2194205286621,
    "win_percent_trump": 5.780579471337899,
    "winner": "Kamala Harris"
  },
  "Connecticut": {
    "Donald Trump": 36.00837662808115,
    "Kamala Harris": 51.98228127618854,
    "electoral_votes": 7,
    "mean_diff": 15.973904648107386,
    "win_percent_harris": 99.81598957457997,
    "win_percent_trump": 0.18401042542002255,
    "winner": "Kamala Harris"
  },
  "Delaware": {
    "Donald Trump": 36.44211659246735,
    "Kamala Harris": 53.00966492244028,
    "electoral_votes": 3,
    "mean_diff": 16.56754832997293,
    "win_percent_harris": 99.87035399296053,
    "win_percent_trump": 0.12964600703946338,
    "winner": "Kamala Harris"
  },
  "District of Columbia": {
    "Donald Trump": 10.0,
    "Kamala Harris": 90.0,
    "electoral_votes": 3,
    "mean_diff": 80.0,
    "win_percent_harris": 100.0,
    "win_percent_trump": 0.0,
    "winner": "Kamala Harris"
  },
  "Florida": {
    "Donald Trump": 49.27278769214368,
    "Kamala Harris": 42.79890067570193,
    "electoral_votes": 30,
    "mean_diff": -6.473887016441751,
    "win_percent_harris": 11.958371082025831,
    "win_percent_trump": 88.04162891797417,
    "winner": "Donald Trump"
  },
  "Georgia": {
    "Donald Trump": 47.22788603136409,
    "Kamala Harris": 45.13785745006462,
    "electoral_votes": 16,
    "mean_diff": -2.090028581299471,
    "win_percent_harris": 35.19707788395278,
    "win_percent_trump": 64.80292211604721,
    "winner": "Donald Trump"
  },
  "Hawaii": {
    "Donald Trump": 32.47868331668395,
    "Kamala Harris": 46.503134737603354,
    "electoral_votes": 4,
    "mean_diff": 14.024451420919405,
    "win_percent_harris": 99.46123129065663,
    "win_percent_trump": 0.5387687093433735,
    "winner": "Kamala Harris"
  },
  "Idaho": {
    "Donald Trump": 53.8,
    "Kamala Harris": 24.6,
    "electoral_votes": 4,
    "mean_diff": -29.199999999999996,
    "win_percent_harris": 5.50866869451833e-06,
    "win_percent_trump": 99.99999449133131,
    "winner": "Donald Trump"
  },
  "Illinois": {
    "Donald Trump": 39.83156524087172,
    "Kamala Harris": 53.78789930754007,
    "electoral_votes": 19,
    "mean_diff": 13.956334066668354,
    "win_percent_harris": 99.4417875359384,
    "win_percent_trump": 0.5582124640616026,
    "winner": "Kamala Harris"
  },
  "Indiana": {
    "Donald Trump": 54.66972284098178,
    "Kamala Harris": 37.86431751131002,
    "electoral_votes": 11,
    "mean_diff": -16.805405329671757,
    "win_percent_harris": 0.11233222158938462,
    "win_percent_trump": 99.88766777841062,
    "winner": "Donald Trump"
  },
  "Iowa": {
    "Donald Trump": 48.59453299490435,
    "Kamala Harris": 39.21314787829191,
    "electoral_votes": 6,
    "mean_diff": -9.381385116612435,
    "win_percent_harris": 4.403138015201391,
    "win_percent_trump": 95.59686198479861,
    "winner": "Donald Trump"
  },
  "Kansas": {
    "Donald Trump": 43.8,
    "Kamala Harris": 38.8,
    "electoral_votes": 6,
    "mean_diff": -5.0,
    "win_percent_harris": 18.165107044344897,
    "win_percent_trump": 81.8348929556551,
    "winner": "Donald Trump"
  },
  "Kentucky": {
    "Donald Trump": 51.5,
    "Kamala Harris": 29.4,
    "electoral_votes": 8,
    "mean_diff": -22.1,
    "win_percent_harris": 0.0029324468152154793,
    "win_percent_trump": 99.99706755318478,
    "winner": "Donald Trump"
  },
  "Louisiana": {
    "Donald Trump": 50.28343442838844,
    "Kamala Harris": 35.28742417870867,
    "electoral_votes": 8,
    "mean_diff": -14.99601024967977,
    "win_percent_harris": 0.3200038770925982,
    "win_percent_trump": 99.6799961229074,
    "winner": "Donald Trump"
  },
  "Maine": {
    "Donald Trump": 41.44421261848662,
    "Kamala Harris": 48.378921741083225,
    "electoral_votes": 2,
    "mean_diff": 6.934709122596608,
    "win_percent_harris": 89.63196701174871,
    "win_percent_trump": 10.368032988251286,
    "winner": "Kamala Harris"
  },
  "Maine CD-1": {
    "Donald Trump": 35.33288171396791,
    "Kamala Harris": 58.62560372130947,
    "electoral_votes": 1,
    "mean_diff": 23.29272200734156,
    "win_percent_harris": 99.99885744672522,
    "win_percent_trump": 0.0011425532747799672,
    "winner": "Kamala Harris"
  },
  "Maine CD-2": {
    "Donald Trump": 46.95236246602613,
    "Kamala Harris": 44.90169746198019,
    "electoral_votes": 1,
    "mean_diff": -2.050665004045939,
    "win_percent_harris": 35.46307199135964,
    "win_percent_trump": 64.53692800864036,
    "winner": "Donald Trump"
  },
  "Maryland": {
    "Donald Trump": 32.4099033876247,
    "Kamala Harris": 58.57228664677234,
    "electoral_votes": 10,
    "mean_diff": 26.16238325914764,
    "win_percent_harris": 99.99990165558864,
    "win_percent_trump": 9.834441135891936e-05,
    "winner": "Kamala Harris"
  },
  "Massachusetts": {
    "Donald Trump": 30.22321607879509,
    "Kamala Harris": 55.92714334353086,
    "electoral_votes": 11,
    "mean_diff": 25.703927264735768,
    "win_percent_harris": 99.9998519028209,
    "win_percent_trump": 0.0001480971791090191,
    "winner": "Kamala Harris"
  },
  "Michigan": {
    "Donald Trump": 45.515666940089815,
    "Kamala Harris": 45.84452820025183,
    "electoral_votes": 15,
    "mean_diff": 0.32886126016201445,
    "win_percent_harris": 52.38397322373686,
    "win_percent_trump": 47.61602677626314,
    "winner": "Kamala Harris"
  },
  "Minnesota": {
    "Donald Trump": 42.90603248351483,
    "Kamala Harris": 47.23908103085331,
    "electoral_votes": 10,
    "mean_diff": 4.333048547338485,
    "win_percent_harris": 78.46010496949135,
    "win_percent_trump": 21.53989503050865,
    "winner": "Kamala Harris"
  },
  "Mississippi": {
    "Donald Trump": 49.99999999999999,
    "Kamala Harris": 35.3,
    "electoral_votes": 6,
    "mean_diff": -14.699999999999996,
    "win_percent_harris": 0.37618695225755006,
    "win_percent_trump": 99.62381304774244,
    "winner": "Donald Trump"
  },
  "Missouri": {
    "Donald Trump": 52.596617979677355,
    "Kamala Harris": 39.94007082044841,
    "electoral_votes": 10,
    "mean_diff": -12.656547159228943,
    "win_percent_harris": 1.069043585323061,