{
  "**National": {
    "Donald Trump": 44.269084405782436,
    "Kamala Harris": 45.462570224256325,
    "electoral_votes": 0,
    "mean_diff": 1.1934858184738886,
    "win_percent_harris": 57.883510957666985,
    "win_percent_trump": 42.116489042333015,
    "winner": "Kamala Harris"
  },
  "Alabama": {
    "Donald Trump": 55.95931848969014,
    "Kamala Harris": 32.41067414288571,
    "electoral_votes": 9,
    "mean_diff": -23.54864434680443,
    "win_percent_harris": 0.004340558928676132,
    "win_percent_trump": 99.99565944107133,
    "winner": "Donald Trump"
  },
  "Alaska": {
    "Donald Trump": 50.14040932350166,
    "Kamala Harris": 41.35523133123343,
    "electoral_votes": 3,
    "mean_diff": -8.785177992268224,
    "win_percent_harris": 7.1570156072143325,
    "win_percent_trump": 92.84298439278567,
    "winner": "Donald Trump"
  },
  "Arizona": {
    "Donald Trump": 46.858078309516365,
    "Kamala Harris": 44.6619644202154,
    "electoral_votes": 11,
    "mean_diff": -2.1961138893009675,
    "win_percent_harris": 35.717545584884924,
    "win_percent_trump": 64.28245441511507,
    "winner": "Donald Trump"
  },
  "Arkansas": {
    "Donald Trump": 51.988108128398835,
    "Kamala Harris": 38.648870936104146,
    "electoral_votes": 6,
    "mean_diff": -13.33923719229469,
    "win_percent_harris": 1.3100949524495542,
    "win_percent_trump": 98.68990504755044,
    "winner": "Donald Trump"
  },
  "California": {
    "Donald Trump": 33.64280672455996,
    "Kamala Harris": 54.06298078809707,
    "electoral_votes": 54,
    "mean_diff": 20.42017406353711,
    "win_percent_harris": 99.9667190279052,
    "win_percent_trump": 0.03328097209479575,
    "winner": "Kamala Harris"
  },
  "Colorado": {
    "Donald Trump": 38.764114838409576,
    "Kamala Harris": 47.4181627595086,
    "electoral_votes": 10,
    "mean_diff": 8.654047921099021,
    "win_percent_harris": 92.53969455367142,
    "win_percent_trump": 7.460305446328574,
    "winner": "Kamala Harris"
  },
  "Connecticut": {
    "Donald Trump": 36.008376628081145,
    "Kamala Harris": 51.982281276188544,
    "electoral_votes": 7,
    "mean_diff": 15.9739046481074,
    "win_percent_harris": 99.61197673464117,
    "win_percent_trump": 0.3880232653588278,
    "winner": "Kamala Harris"
  },
  "Delaware": {
    "Donald Trump": 36.44211659246735,
    "Kamala Harris": 53.009664922440294,
    "electoral_votes": 3,
    "mean_diff": 16.567548329972944,
    "win_percent_harris": 99.71210419475376,
    "win_percent_trump": 0.28789580524624103,
    "winner": "Kamala Harris"
  },
  "District of Columbia": {
    "Donald Trump": 10.0,
    "Kamala Harris": 90.0,
    "electoral_votes": 3,
    "mean_diff": 80.0,
    "win_percent_harris": 100.0,
    "win_percent_trump": 0.0,
    "winner": "Kamala Harris"
  },
  "Florida": {
    "Donald Trump": 49.20181187620789,
    "Kamala Harris": 42.70767217011159,
    "electoral_votes": 30,
    "mean_diff": -6.494139706096298,
    "win_percent_harris": 13.954704856612278,
    "win_percent_trump": 86.04529514338772,
    "winner": "Donald Trump"
  },
  "Georgia": {
    "Donald Trump": 47.11321094918535,
    "Kamala Harris": 44.93503931316874,
    "electoral_votes": 16,
    "mean_diff": -2.1781716360166143,
    "win_percent_harris": 35.82917577255792,
    "win_percent_trump": 64.17082422744208,
    "winner": "Donald Trump"
  },
  "Hawaii": {
    "Donald Trump": 32.47868331668394,
    "Kamala Harris": 46.503134737603354,
    "electoral_votes": 4,
    "mean_diff": 14.024451420919412,
    "win_percent_harris": 99.02910250304295,
    "win_percent_trump": 0.9708974969570461,
    "winner": "Kamala Harris"
  },
  "Idaho": {
    "Donald Trump": 53.8,
    "Kamala Harris": 24.6,
    "electoral_votes": 4,
    "mean_diff": -29.199999999999996,
    "win_percent_harris": 5.674810724272161e-05,
    "win_percent_trump": 99.99994325189276,
    "winner": "Donald Trump"
  },
  "Illinois": {
    "Donald Trump": 39.83156524087171,
    "Kamala Harris": 53.787899307540066,
    "electoral_votes": 19,
    "mean_diff": 13.956334066668354,
    "win_percent_harris": 98.99922096963337,
    "win_percent_trump": 1.0007790303666275,
    "winner": "Kamala Harris"
  },
  "Indiana": {
    "Donald Trump": 54.66972284098178,
    "Kamala Harris": 37.86431751131001,
    "electoral_votes": 11,
    "mean_diff": -16.805405329671764,
    "win_percent_harris": 0.2548008380131289,
    "win_percent_trump": 99.74519916198687,
    "winner": "Donald Trump"
  },
  "Iowa": {
    "Donald Trump": 48.59453299490435,
    "Kamala Harris": 39.21314787829191,
    "electoral_votes": 6,
    "mean_diff": -9.381385116612435,
    "win_percent_harris": 5.895997550852487,
    "win_percent_trump": 94.10400244914752,
    "winner": "Donald Trump"
  },
  "Kansas": {
    "Donald Trump": 43.8,
    "Kamala Harris": 38.8,
    "electoral_votes": 6,
    "mean_diff": -5.0,
    "win_percent_harris": 20.232838096364308,
    "win_percent_trump": 79.76716190363568,
    "winner": "Donald Trump"
  },
  "Kentucky": {
    "Donald Trump": 51.5,
    "Kamala Harris": 29.4,
    "electoral_votes": 8,
    "mean_diff": -22.1,
    "win_percent_harris": 0.011510190833391637,
    "win_percent_trump": 99.98848980916661,
    "winner": "Donald Trump"
  },
  "Louisiana": {
    "Donald Trump": 50.28343442838843,
    "Kamala Harris": 35.28742417870867,
    "electoral_votes": 8,
    "mean_diff": -14.996010249679763,
    "win_percent_harris": 0.6221330608807978,
    "win_percent_trump": 99.3778669391192,
    "winner": "Donald Trump"
  },
  "Maine": {
    "Donald Trump": 41.44421261848663,
    "Kamala Harris": 48.37892174108324,
    "electoral_votes": 2,
    "mean_diff": 6.934709122596608,
    "win_percent_harris": 87.61154150762461,
    "win_percent_trump": 12.388458492375387,
    "winner": "Kamala Harris"
  },
  "Maine CD-1": {
    "Donald Trump": 35.33288171396791,
    "Kamala Harris": 58.62560372130947,
    "electoral_votes": 1,
    "mean_diff": 23.29272200734156,
    "win_percent_harris": 99.99482251947104,
    "win_percent_trump": 0.00517748052896172,
    "winner": "Kamala Harris"
  },
  "Maine CD-2": {
    "Donald Trump": 46.95236246602612,
    "Kamala Harris": 44.9016974619802,
    "electoral_votes": 1,
    "mean_diff": -2.050665004045925,
    "win_percent_harris": 36.62591714607624,
    "win_percent_trump": 63.37408285392377,
    "winner": "Donald Trump"
  },
  "Maryland": {
    "Donald Trump": 32.3232145983648,
    "Kamala Harris": 58.260034579221134,
    "electoral_votes": 10,
    "mean_diff": 25.936819980856335,
    "win_percent_harris": 99.99922970471661,
    "win_percent_trump": 0.0007702952833921195,
    "winner": "Kamala Harris"
  },
  "Massachusetts": {
    "Donald Trump": 30.043692548291805,
    "Kamala Harris": 55.232803431595265,
    "electoral_votes": 11,
    "mean_diff": 25.18911088330346,
    "win_percent_harris": 99.99865468693203,
    "win_percent_trump": 0.0013453130679685898,
    "winner": "Kamala Harris"
  },
  "Michigan": {
    "Donald Trump": 45.44137193996841,
    "Kamala Harris": 45.68967366627276,
    "electoral_votes": 15,
    "mean_diff": 0.24830172630434788,
    "win_percent_harris": 51.65049649404211,
    "win_percent_trump": 48.34950350595789,
    "winner": "Kamala Harris"
  },
  "Minnesota": {
    "Donald Trump": 42.90349474859294,
    "Kamala Harris": 47.12787845956309,
    "electoral_votes": 10,
    "mean_diff": 4.224383710970152,
    "win_percent_harris": 75.93035259623475,
    "win_percent_trump": 24.06964740376525,
    "winner": "Kamala Harris"
  },
  "Mississippi": {
    "Donald Trump": 50.0,
    "Kamala Harris": 35.3,
    "electoral_votes": 6,
    "mean_diff": -14.700000000000003,
    "win_percent_harris": 0.7142810735271403,
    "win_percent_trump": 99.28571892647285,
    "winner": "Donald Trump"
  },
  "Missouri": {
    "Donald Trump": 52.59661797967734,
    "Kamala Harris": 39.940070820448405,
    "electoral_votes": 10,
    "mean_diff": -12.656547159228936,
    "win_percent_harris": 1.7453977145513868,