{
  "**National": {
    "Donald Trump": 44.37024019584833,
    "Kamala Harris": 45.65582202989228,
    "electoral_votes": 0,
    "mean_diff": 1.2855818340439455,
    "win_percent_harris": 61.24402461354822,
    "win_percent_trump": 38.75597538645178,
    "winner": "Kamala Harris"
  },
  "Alabama": {
    "Donald Trump": 55.95931848969015,
    "Kamala Harris": 32.41067414288571,
    "electoral_votes": 9,
    "mean_diff": -23.548644346804437,
    "win_percent_harris": 8.337589383580694e-06,
    "win_percent_trump": 99.99999166241061,
    "winner": "Donald Trump"
  },
  "Alaska": {
    "Donald Trump": 50.809034540527875,
    "Kamala Harris": 42.485948784393976,
    "electoral_votes": 3,
    "mean_diff": -8.3230857561339,
    "win_percent_harris": 3.218744235887615,
    "win_percent_trump": 96.78125576411239,
    "winner": "Donald Trump"
  },
  "Arizona": {
    "Donald Trump": 46.92411966627572,
    "Kamala Harris": 44.893771122561134,
    "electoral_votes": 11,
    "mean_diff": -2.030348543714588,
    "win_percent_harris": 32.59268251370728,
    "win_percent_trump": 67.40731748629271,
    "winner": "Donald Trump"
  },
  "Arkansas": {
    "Donald Trump": 51.98810812839882,
    "Kamala Harris": 38.64887093610415,
    "electoral_votes": 6,
    "mean_diff": -13.339237192294668,
    "win_percent_harris": 0.15169854488437984,
    "win_percent_trump": 99.84830145511562,
    "winner": "Donald Trump"
  },
  "California": {
    "Donald Trump": 33.71044957636589,
    "Kamala Harris": 54.22165819563166,
    "electoral_votes": 54,
    "mean_diff": 20.511208619265773,
    "win_percent_harris": 99.9997418417887,
    "win_percent_trump": 0.00025815821129704375,
    "winner": "Kamala Harris"
  },
  "Colorado": {
    "Donald Trump": 38.957381108026695,
    "Kamala Harris": 48.27798032180304,
    "electoral_votes": 10,
    "mean_diff": 9.320599213776347,
    "win_percent_harris": 98.08320127811884,
    "win_percent_trump": 1.9167987218811633,
    "winner": "Kamala Harris"
  },
  "Connecticut": {
    "Donald Trump": 36.008376628081145,
    "Kamala Harris": 51.98228127618853,
    "electoral_votes": 7,
    "mean_diff": 15.973904648107386,
    "win_percent_harris": 99.98072062518291,
    "win_percent_trump": 0.019279374817093853,
    "winner": "Kamala Harris"
  },
  "Delaware": {
    "Donald Trump": 36.44211659246735,
    "Kamala Harris": 53.009664922440294,
    "electoral_votes": 3,
    "mean_diff": 16.567548329972944,
    "win_percent_harris": 99.98841477629978,
    "win_percent_trump": 0.011585223700227854,
    "winner": "Kamala Harris"
  },
  "District of Columbia": {
    "Donald Trump": 10.0,
    "Kamala Harris": 90.0,
    "electoral_votes": 3,
    "mean_diff": 80.0,
    "win_percent_harris": 100.0,
    "win_percent_trump": 0.0,
    "winner": "Kamala Harris"
  },
  "Florida": {
    "Donald Trump": 49.27278769214367,
    "Kamala Harris": 42.798900675701915,
    "electoral_votes": 30,
    "mean_diff": -6.473887016441758,
    "win_percent_harris": 7.512605253699281,
    "win_percent_trump": 92.48739474630072,
    "winner": "Donald Trump"
  },
  "Georgia": {
    "Donald Trump": 47.2874147307887,
    "Kamala Harris": 45.209861263946074,
    "electoral_votes": 16,
    "mean_diff": -2.077553466842623,
    "win_percent_harris": 32.21559283976504,
    "win_percent_trump": 67.78440716023496,
    "winner": "Donald Trump"
  },
  "Hawaii": {
    "Donald Trump": 32.47868331668394,
    "Kamala Harris": 46.503134737603354,
    "electoral_votes": 4,
    "mean_diff": 14.024451420919412,
    "win_percent_harris": 99.90850805011081,
    "win_percent_trump": 0.09149194988918863,
    "winner": "Kamala Harris"
  },
  "Idaho": {
    "Donald Trump": 53.8,
    "Kamala Harris": 24.6,
    "electoral_votes": 4,
    "mean_diff": -29.199999999999996,
    "win_percent_harris": 4.323585311735158e-09,
    "win_percent_trump": 99.99999999567642,
    "winner": "Donald Trump"
  },
  "Illinois": {
    "Donald Trump": 39.83156524087172,
    "Kamala Harris": 53.787899307540066,
    "electoral_votes": 19,
    "mean_diff": 13.956334066668347,
    "win_percent_harris": 99.9036985045335,
    "win_percent_trump": 0.0963014954665109,
    "winner": "Kamala Harris"
  },
  "Indiana": {
    "Donald Trump": 54.66972284098178,
    "Kamala Harris": 37.86431751131003,
    "electoral_votes": 11,
    "mean_diff": -16.80540532967175,
    "win_percent_harris": 0.00940313488547021,
    "win_percent_trump": 99.99059686511454,
    "winner": "Donald Trump"
  },
  "Iowa": {
    "Donald Trump": 48.59453299490434,
    "Kamala Harris": 39.21314787829191,
    "electoral_votes": 6,
    "mean_diff": -9.381385116612428,
    "win_percent_harris": 1.8545897643688458,
    "win_percent_trump": 98.14541023563116,
    "winner": "Donald Trump"
  },
  "Kansas": {
    "Donald Trump": 43.8,
    "Kamala Harris": 38.8,
    "electoral_votes": 6,
    "mean_diff": -5.0,
    "win_percent_harris": 13.326026290250537,
    "win_percent_trump": 86.67397370974946,
    "winner": "Donald Trump"
  },
  "Kentucky": {
    "Donald Trump": 51.49999999999999,
    "Kamala Harris": 29.4,
    "electoral_votes": 8,
    "mean_diff": -22.099999999999994,
    "win_percent_harris": 4.528087505935756e-05,
    "win_percent_trump": 99.99995471912494,
    "winner": "Donald Trump"
  },
  "Louisiana": {
    "Donald Trump": 50.28343442838844,
    "Kamala Harris": 35.287424178708676,
    "electoral_votes": 8,
    "mean_diff": -14.996010249679763,
    "win_percent_harris": 0.04304297574031438,
    "win_percent_trump": 99.95695702425968,
    "winner": "Donald Trump"
  },
  "Maine": {
    "Donald Trump": 41.444212618486624,
    "Kamala Harris": 48.37892174108324,
    "electoral_votes": 2,
    "mean_diff": 6.934709122596615,
    "win_percent_harris": 93.83472619413361,
    "win_percent_trump": 6.16527380586639,
    "winner": "Kamala Harris"
  },
  "Maine CD-1": {
    "Donald Trump": 35.33288171396791,
    "Kamala Harris": 58.62560372130946,
    "electoral_votes": 1,
    "mean_diff": 23.292722007341553,
    "win_percent_harris": 99.99998867506527,
    "win_percent_trump": 1.1324934734435743e-05,
    "winner": "Kamala Harris"
  },
  "Maine CD-2": {
    "Donald Trump": 46.95236246602613,
    "Kamala Harris": 44.90169746198019,
    "electoral_votes": 1,
    "mean_diff": -2.050665004045939,
    "win_percent_harris": 32.43016620176612,
    "win_percent_trump": 67.56983379823389,
    "winner": "Donald Trump"
  },
  "Maryland": {
    "Donald Trump": 32.409903387624716,
    "Kamala Harris": 58.57228664677233,
    "electoral_votes": 10,
    "mean_diff": 26.162383259147617,
    "win_percent_harris": 99.99999969476299,
    "win_percent_trump": 3.0523701344264964e-07,
    "winner": "Kamala Harris"
  },
  "Massachusetts": {
    "Donald Trump": 30.223216078795094,
    "Kamala Harris": 55.927143343530865,
    "electoral_votes": 11,
    "mean_diff": 25.70392726473577,
    "win_percent_harris": 99.99999944166652,
    "win_percent_trump": 5.583334794501127e-07,
    "winner": "Kamala Harris"
  },
  "Michigan": {
    "Donald Trump": 45.615071267489974,
    "Kamala Harris": 45.87285711813772,
    "electoral_votes": 15,
    "mean_diff": 0.2577858506477497,
    "win_percent_harris": 52.2841212062422,
    "win_percent_trump": 47.7158787937578,
    "winner": "Kamala Harris"
  },
  "Minnesota": {
    "Donald Trump": 42.90603248351485,
    "Kamala Harris": 47.23908103085331,
    "electoral_votes": 10,
    "mean_diff": 4.333048547338464,
    "win_percent_harris": 83.220106419769,
    "win_percent_trump": 16.779893580231008,
    "winner": "Kamala Harris"
  },
  "Mississippi": {
    "Donald Trump": 50.0,
    "Kamala Harris": 35.3,
    "electoral_votes": 6,
    "mean_diff": -14.700000000000003,
    "win_percent_harris": 0.05441086524671391,
    "win_percent_trump": 99.94558913475329,
    "winner": "Donald Trump"
  },
  "Missouri": {
    "Donald Trump": 52.59661797967733,
    "Kamala Harris": 39.9400708204484,
    "electoral_votes": 10,
    "mean_diff": -12.656547159228936,