{
  "**National": {
    "Donald Trump": 44.31922305384386,
    "Kamala Harris": 45.612602788882114,
    "electoral_votes": 0,
    "mean_diff": 1.2933797350382576,
    "win_percent_harris": 58.53359130032496,
    "win_percent_trump": 41.46640869967504,
    "winner": "Kamala Harris"
  },
  "Alabama": {
    "Donald Trump": 55.95931848969014,
    "Kamala Harris": 32.41067414288571,
    "electoral_votes": 9,
    "mean_diff": -23.54864434680443,
    "win_percent_harris": 0.004340558928676132,
    "win_percent_trump": 99.99565944107133,
    "winner": "Donald Trump"
  },
  "Alaska": {
    "Donald Trump": 50.80903454052788,
    "Kamala Harris": 42.48594878439398,
    "electoral_votes": 3,
    "mean_diff": -8.3230857561339,
    "win_percent_harris": 8.26932949884962,
    "win_percent_trump": 91.73067050115039,
    "winner": "Donald Trump"
  },
  "Arizona": {
    "Donald Trump": 46.831127042732334,
    "Kamala Harris": 44.696663385631695,
    "electoral_votes": 11,
    "mean_diff": -2.134463657100639,
    "win_percent_harris": 36.10161666449272,
    "win_percent_trump": 63.89838333550728,
    "winner": "Donald Trump"
  },
  "Arkansas": {
    "Donald Trump": 51.98810812839883,
    "Kamala Harris": 38.648870936104146,
    "electoral_votes": 6,
    "mean_diff": -13.339237192294682,
    "win_percent_harris": 1.3100949524495575,
    "win_percent_trump": 98.68990504755044,
    "winner": "Donald Trump"
  },
  "California": {
    "Donald Trump": 33.710449576365875,
    "Kamala Harris": 54.22165819563167,
    "electoral_votes": 54,
    "mean_diff": 20.511208619265794,
    "win_percent_harris": 99.9685203633857,
    "win_percent_trump": 0.03147963661430664,
    "winner": "Kamala Harris"
  },
  "Colorado": {
    "Donald Trump": 38.764114838409576,
    "Kamala Harris": 47.41816275950861,
    "electoral_votes": 10,
    "mean_diff": 8.654047921099036,
    "win_percent_harris": 92.53969455367145,
    "win_percent_trump": 7.460305446328553,
    "winner": "Kamala Harris"
  },
  "Connecticut": {
    "Donald Trump": 36.00837662808115,
    "Kamala Harris": 51.98228127618855,
    "electoral_votes": 7,
    "mean_diff": 15.9739046481074,
    "win_percent_harris": 99.61197673464117,
    "win_percent_trump": 0.3880232653588278,
    "winner": "Kamala Harris"
  },
  "Delaware": {
    "Donald Trump": 36.44211659246736,
    "Kamala Harris": 53.0096649224403,
    "electoral_votes": 3,
    "mean_diff": 16.567548329972944,
    "win_percent_harris": 99.71210419475376,
    "win_percent_trump": 0.28789580524624103,
    "winner": "Kamala Harris"
  },
  "District of Columbia": {
    "Donald Trump": 10.0,
    "Kamala Harris": 90.0,
    "electoral_votes": 3,
    "mean_diff": 80.0,
    "win_percent_harris": 100.0,
    "win_percent_trump": 0.0,
    "winner": "Kamala Harris"
  },
  "Florida": {
    "Donald Trump": 49.23801577835807,
    "Kamala Harris": 42.74533672577091,
    "electoral_votes": 30,
    "mean_diff": -6.492679052587157,
    "win_percent_harris": 13.960112102812062,
    "win_percent_trump": 86.03988789718794,
    "winner": "Donald Trump"
  },
  "Georgia": {
    "Donald Trump": 47.20649393490945,
    "Kamala Harris": 44.98192308689033,
    "electoral_votes": 16,
    "mean_diff": -2.2245708480191198,
    "win_percent_harris": 35.54074749305441,
    "win_percent_trump": 64.4592525069456,
    "winner": "Donald Trump"
  },
  "Hawaii": {
    "Donald Trump": 32.47868331668395,
    "Kamala Harris": 46.50313473760336,
    "electoral_votes": 4,
    "mean_diff": 14.024451420919412,
    "win_percent_harris": 99.02910250304295,
    "win_percent_trump": 0.9708974969570461,
    "winner": "Kamala Harris"
  },
  "Idaho": {
    "Donald Trump": 53.8,
    "Kamala Harris": 24.6,
    "electoral_votes": 4,
    "mean_diff": -29.199999999999996,
    "win_percent_harris": 5.674810724272161e-05,
    "win_percent_trump": 99.99994325189276,
    "winner": "Donald Trump"
  },
  "Illinois": {
    "Donald Trump": 39.83156524087172,
    "Kamala Harris": 53.78789930754008,
    "electoral_votes": 19,
    "mean_diff": 13.956334066668362,
    "win_percent_harris": 98.99922096963338,
    "win_percent_trump": 1.0007790303666164,
    "winner": "Kamala Harris"
  },
  "Indiana": {
    "Donald Trump": 54.66972284098177,
    "Kamala Harris": 37.86431751131001,
    "electoral_votes": 11,
    "mean_diff": -16.805405329671757,
    "win_percent_harris": 0.25480083801312997,
    "win_percent_trump": 99.74519916198687,
    "winner": "Donald Trump"
  },
  "Iowa": {
    "Donald Trump": 48.59453299490435,
    "Kamala Harris": 39.21314787829192,
    "electoral_votes": 6,
    "mean_diff": -9.381385116612428,
    "win_percent_harris": 5.8959975508525035,
    "win_percent_trump": 94.1040024491475,
    "winner": "Donald Trump"
  },
  "Kansas": {
    "Donald Trump": 43.8,
    "Kamala Harris": 38.8,
    "electoral_votes": 6,
    "mean_diff": -5.0,
    "win_percent_harris": 20.232838096364308,
    "win_percent_trump": 79.76716190363568,
    "winner": "Donald Trump"
  },
  "Kentucky": {
    "Donald Trump": 51.49999999999999,
    "Kamala Harris": 29.4,
    "electoral_votes": 8,
    "mean_diff": -22.099999999999994,
    "win_percent_harris": 0.01151019083339169,
    "win_percent_trump": 99.98848980916661,
    "winner": "Donald Trump"
  },
  "Louisiana": {
    "Donald Trump": 50.28343442838843,
    "Kamala Harris": 35.28742417870867,
    "electoral_votes": 8,
    "mean_diff": -14.996010249679763,
    "win_percent_harris": 0.6221330608807978,
    "win_percent_trump": 99.3778669391192,
    "winner": "Donald Trump"
  },
  "Maine": {
    "Donald Trump": 41.44421261848662,
    "Kamala Harris": 48.37892174108323,
    "electoral_votes": 2,
    "mean_diff": 6.934709122596615,
    "win_percent_harris": 87.61154150762462,
    "win_percent_trump": 12.388458492375376,
    "winner": "Kamala Harris"
  },
  "Maine CD-1": {
    "Donald Trump": 35.33288171396791,
    "Kamala Harris": 58.62560372130946,
    "electoral_votes": 1,
    "mean_diff": 23.292722007341553,
    "win_percent_harris": 99.99482251947104,
    "win_percent_trump": 0.00517748052896172,
    "winner": "Kamala Harris"
  },
  "Maine CD-2": {
    "Donald Trump": 46.95236246602613,
    "Kamala Harris": 44.9016974619802,
    "electoral_votes": 1,
    "mean_diff": -2.050665004045932,
    "win_percent_harris": 36.62591714607619,
    "win_percent_trump": 63.37408285392381,
    "winner": "Donald Trump"
  },
  "Maryland": {
    "Donald Trump": 32.45919121574099,
    "Kamala Harris": 58.38818737513015,
    "electoral_votes": 10,
    "mean_diff": 25.928996159389165,
    "win_percent_harris": 99.99922513749203,
    "win_percent_trump": 0.0007748625079684324,
    "winner": "Kamala Harris"
  },
  "Massachusetts": {
    "Donald Trump": 30.03933255163762,
    "Kamala Harris": 55.309360524328845,
    "electoral_votes": 11,
    "mean_diff": 25.270027972691224,
    "win_percent_harris": 99.99873255906596,
    "win_percent_trump": 0.0012674409340385218,
    "winner": "Kamala Harris"
  },
  "Michigan": {
    "Donald Trump": 45.47563021657012,
    "Kamala Harris": 45.724069262289994,
    "electoral_votes": 15,
    "mean_diff": 0.24843904571987707,
    "win_percent_harris": 51.65140875411783,
    "win_percent_trump": 48.34859124588217,
    "winner": "Kamala Harris"
  },
  "Minnesota": {
    "Donald Trump": 42.906032483514835,
    "Kamala Harris": 47.23908103085333,
    "electoral_votes": 10,
    "mean_diff": 4.3330485473384925,
    "win_percent_harris": 76.49064797629973,
    "win_percent_trump": 23.50935202370027,
    "winner": "Kamala Harris"
  },
  "Mississippi": {
    "Donald Trump": 50.0,
    "Kamala Harris": 35.3,
    "electoral_votes": 6,
    "mean_diff": -14.700000000000003,
    "win_percent_harris": 0.7142810735271403,
    "win_percent_trump": 99.28571892647285,
    "winner": "Donald Trump"
  },
  "Missouri": {
    "Donald Trump": 52.59661797967734,
    "Kamala Harris": 39.940070820448405,
    "electoral_votes": 10,
    "mean_diff": -12.656547159228936,
    "win_percent_harris": 1.7453977145513868,