{
  "**National": {
    "Donald Trump": 44.1677359037313,
    "Kamala Harris": 45.49917754384185,
    "electoral_votes": 0,
    "mean_diff": 1.3314416401105547,
    "win_percent_harris": 58.78068360672051,
    "win_percent_trump": 41.21931639327949,
    "winner": "Kamala Harris"
  },
  "Alabama": {
    "Donald Trump": 55.60000000000001,
    "Kamala Harris": 29.4,
    "electoral_votes": 9,
    "mean_diff": -26.20000000000001,
    "win_percent_harris": 0.0006307851554811316,
    "win_percent_trump": 99.9993692148445,
    "winner": "Donald Trump"
  },
  "Alaska": {
    "Donald Trump": 49.96764357423459,
    "Kamala Harris": 41.295759805449904,
    "electoral_votes": 3,
    "mean_diff": -8.671883768784689,
    "win_percent_harris": 7.418485901841196,
    "win_percent_trump": 92.5815140981588,
    "winner": "Donald Trump"
  },
  "Arizona": {
    "Donald Trump": 46.91032792134537,
    "Kamala Harris": 44.50501640646235,
    "electoral_votes": 11,
    "mean_diff": -2.4053115148830173,
    "win_percent_harris": 34.42523040908307,
    "win_percent_trump": 65.57476959091693,
    "winner": "Donald Trump"
  },
  "Arkansas": {
    "Donald Trump": 49.37994542974079,
    "Kamala Harris": 37.47885402455662,
    "electoral_votes": 6,
    "mean_diff": -11.901091405184175,
    "win_percent_harris": 2.3654953557964333,
    "win_percent_trump": 97.63450464420357,
    "winner": "Donald Trump"
  },
  "California": {
    "Donald Trump": 33.83317194341529,
    "Kamala Harris": 56.2433247726507,
    "electoral_votes": 54,
    "mean_diff": 22.410152829235415,
    "win_percent_harris": 99.99061519056956,
    "win_percent_trump": 0.009384809430446062,
    "winner": "Kamala Harris"
  },
  "Colorado": {
    "Donald Trump": 39.01546053036362,
    "Kamala Harris": 48.48972189749584,
    "electoral_votes": 10,
    "mean_diff": 9.474261367132222,
    "win_percent_harris": 94.2836967152756,
    "win_percent_trump": 5.7163032847244,
    "winner": "Kamala Harris"
  },
  "Connecticut": {
    "Donald Trump": 36.05656755486946,
    "Kamala Harris": 52.031740385260754,
    "electoral_votes": 7,
    "mean_diff": 15.975172830391294,
    "win_percent_harris": 99.61222034343461,
    "win_percent_trump": 0.38777965656539015,
    "winner": "Kamala Harris"
  },
  "Delaware": {
    "Donald Trump": 36.43723339427178,
    "Kamala Harris": 51.6531383302864,
    "electoral_votes": 3,
    "mean_diff": 15.215904936014624,
    "win_percent_harris": 99.43934096388465,
    "win_percent_trump": 0.5606590361153518,
    "winner": "Kamala Harris"
  },
  "District of Columbia": {
    "Donald Trump": 10.0,
    "Kamala Harris": 90.0,
    "electoral_votes": 3,
    "mean_diff": 80.0,
    "win_percent_harris": 100.0,
    "win_percent_trump": 0.0,
    "winner": "Kamala Harris"
  },
  "Florida": {
    "Donald Trump": 48.34886605129626,
    "Kamala Harris": 42.32092330153634,
    "electoral_votes": 30,
    "mean_diff": -6.027942749759923,
    "win_percent_harris": 15.75309900501211,
    "win_percent_trump": 84.24690099498788,
    "winner": "Donald Trump"
  },
  "Georgia": {
    "Donald Trump": 47.23333573006806,
    "Kamala Harris": 44.84674344254118,
    "electoral_votes": 16,
    "mean_diff": -2.386592287526881,
    "win_percent_harris": 34.540156896579596,
    "win_percent_trump": 65.45984310342041,
    "winner": "Donald Trump"
  },
  "Hawaii": {
    "Donald Trump": 31.11142253791515,
    "Kamala Harris": 45.33950854290651,
    "electoral_votes": 4,
    "mean_diff": 14.228086004991358,
    "win_percent_harris": 99.11383245579242,
    "win_percent_trump": 0.8861675442075834,
    "winner": "Kamala Harris"
  },
  "Idaho": {
    "Donald Trump": 53.8,
    "Kamala Harris": 24.6,
    "electoral_votes": 4,
    "mean_diff": -29.199999999999996,
    "win_percent_harris": 5.674810724272161e-05,
    "win_percent_trump": 99.99994325189276,
    "winner": "Donald Trump"
  },
  "Illinois": {
    "Donald Trump": 37.9639784255811,
    "Kamala Harris": 48.7334275073841,
    "electoral_votes": 19,
    "mean_diff": 10.769449081803003,
    "win_percent_harris": 96.36658348035134,
    "win_percent_trump": 3.633416519648658,
    "winner": "Kamala Harris"
  },
  "Indiana": {
    "Donald Trump": 54.855751619387966,
    "Kamala Harris": 40.56150696150696,
    "electoral_votes": 11,
    "mean_diff": -14.29424465788101,
    "win_percent_harris": 0.8600706167758367,
    "win_percent_trump": 99.13992938322417,
    "winner": "Donald Trump"
  },
  "Iowa": {
    "Donald Trump": 47.87125138506631,
    "Kamala Harris": 38.150248418343644,
    "electoral_votes": 6,
    "mean_diff": -9.721002966722665,
    "win_percent_harris": 5.2598186765254695,
    "win_percent_trump": 94.74018132347453,
    "winner": "Donald Trump"
  },
  "Kansas": {
    "Donald Trump": 43.8,
    "Kamala Harris": 38.800000000000004,
    "electoral_votes": 6,
    "mean_diff": -4.999999999999993,
    "win_percent_harris": 20.23283809636433,
    "win_percent_trump": 79.76716190363568,
    "winner": "Donald Trump"
  },
  "Kentucky": {
    "Donald Trump": 51.5,
    "Kamala Harris": 29.4,
    "electoral_votes": 8,
    "mean_diff": -22.1,
    "win_percent_harris": 0.011510190833391637,
    "win_percent_trump": 99.98848980916661,
    "winner": "Donald Trump"
  },
  "Louisiana": {
    "Donald Trump": 50.43255256215525,
    "Kamala Harris": 35.17558557838356,
    "electoral_votes": 8,
    "mean_diff": -15.25696698377169,
    "win_percent_harris": 0.5497969791984382,
    "win_percent_trump": 99.45020302080157,
    "winner": "Donald Trump"
  },
  "Maine": {
    "Donald Trump": 41.56538667394293,
    "Kamala Harris": 50.02255291907606,
    "electoral_votes": 2,
    "mean_diff": 8.45716624513313,
    "win_percent_harris": 92.0660406771891,
    "win_percent_trump": 7.933959322810901,
    "winner": "Kamala Harris"
  },
  "Maine CD-1": {
    "Donald Trump": 35.77877953084565,
    "Kamala Harris": 59.74215989092022,
    "electoral_votes": 1,
    "mean_diff": 23.963380360074574,
    "win_percent_harris": 99.99675019089148,
    "win_percent_trump": 0.0032498091085297887,
    "winner": "Kamala Harris"
  },
  "Maine CD-2": {
    "Donald Trump": 47.00574304322083,
    "Kamala Harris": 46.204795737122566,
    "electoral_votes": 1,
    "mean_diff": -0.8009473060982657,
    "win_percent_harris": 44.69024546923822,
    "win_percent_trump": 55.30975453076178,
    "winner": "Donald Trump"
  },
  "Maryland": {
    "Donald Trump": 32.43477052212264,
    "Kamala Harris": 59.642889884763136,
    "electoral_votes": 10,
    "mean_diff": 27.208119362640495,
    "win_percent_harris": 99.99971155454352,
    "win_percent_trump": 0.0002884454564755501,
    "winner": "Kamala Harris"
  },
  "Massachusetts": {
    "Donald Trump": 29.640715510558824,
    "Kamala Harris": 54.82903150031709,
    "electoral_votes": 11,
    "mean_diff": 25.18831598975827,
    "win_percent_harris": 99.9986538998484,
    "win_percent_trump": 0.0013461001515890914,
    "winner": "Kamala Harris"
  },
  "Michigan": {
    "Donald Trump": 45.391719512926045,
    "Kamala Harris": 45.90184693232405,
    "electoral_votes": 15,
    "mean_diff": 0.5101274193980032,
    "win_percent_harris": 53.38777462507325,
    "win_percent_trump": 46.61222537492675,
    "winner": "Kamala Harris"
  },
  "Minnesota": {
    "Donald Trump": 43.1782468263038,
    "Kamala Harris": 47.80859960975411,
    "electoral_votes": 10,
    "mean_diff": 4.630352783450313,
    "win_percent_harris": 77.98614771329653,
    "win_percent_trump": 22.01385228670347,
    "winner": "Kamala Harris"
  },
  "Mississippi": {
    "Donald Trump": 50.0,
    "Kamala Harris": 35.3,
    "electoral_votes": 6,
    "mean_diff": -14.700000000000003,
    "win_percent_harris": 0.7142810735271403,
    "win_percent_trump": 99.28571892647285,
    "winner": "Donald Trump"
  },
  "Missouri": {
    "Donald Trump": 52.91197804352088,
    "Kamala Harris": 40.939315166960725,
    "electoral_votes": 10,
    "mean_diff": -11.972662876560157,
    "win_percent_harris": 2.299724824603154,