{
  "**National": {
    "Donald Trump": 44.216121811209774,
    "Kamala Harris": 45.643150636210414,
    "electoral_votes": 0,
    "mean_diff": 1.4270288250006402,
    "win_percent_harris": 59.3996681098503,
    "win_percent_trump": 40.6003318901497,
    "winner": "Kamala Harris"
  },
  "Alabama": {
    "Donald Trump": 55.84141695261956,
    "Kamala Harris": 31.422795368901674,
    "electoral_votes": 9,
    "mean_diff": -24.418621583717886,
    "win_percent_harris": 0.0023529759892763663,
    "win_percent_trump": 99.99764702401073,
    "winner": "Donald Trump"
  },
  "Alaska": {
    "Donald Trump": 50.13053743560418,
    "Kamala Harris": 41.771147641658075,
    "electoral_votes": 3,
    "mean_diff": -8.359389793946107,
    "win_percent_harris": 8.177487857580251,
    "win_percent_trump": 91.82251214241974,
    "winner": "Donald Trump"
  },
  "Arizona": {
    "Donald Trump": 46.97245316286359,
    "Kamala Harris": 44.616865590662044,
    "electoral_votes": 11,
    "mean_diff": -2.355587572201543,
    "win_percent_harris": 34.73082348163388,
    "win_percent_trump": 65.26917651836612,
    "winner": "Donald Trump"
  },
  "Arkansas": {
    "Donald Trump": 50.299373226114966,
    "Kamala Harris": 37.89130761545345,
    "electoral_votes": 6,
    "mean_diff": -12.408065610661517,
    "win_percent_harris": 1.9319497420986869,
    "win_percent_trump": 98.06805025790132,
    "winner": "Donald Trump"
  },
  "California": {
    "Donald Trump": 33.07504652262447,
    "Kamala Harris": 53.151639158949116,
    "electoral_votes": 54,
    "mean_diff": 20.076592636324648,
    "win_percent_harris": 99.95902140226602,
    "win_percent_trump": 0.040978597733987154,
    "winner": "Kamala Harris"
  },
  "Colorado": {
    "Donald Trump": 39.42721850465227,
    "Kamala Harris": 49.002977713752315,
    "electoral_votes": 10,
    "mean_diff": 9.575759209100049,
    "win_percent_harris": 94.47511231872505,
    "win_percent_trump": 5.524887681274948,
    "winner": "Kamala Harris"
  },
  "Connecticut": {
    "Donald Trump": 36.297010872877394,
    "Kamala Harris": 52.278511159005745,
    "electoral_votes": 7,
    "mean_diff": 15.981500286128352,
    "win_percent_harris": 99.61343375613905,
    "win_percent_trump": 0.38656624386095295,
    "winner": "Kamala Harris"
  },
  "Delaware": {
    "Donald Trump": 36.478853426229286,
    "Kamala Harris": 52.333899850283345,
    "electoral_votes": 3,
    "mean_diff": 15.85504642405406,
    "win_percent_harris": 99.58852707503783,
    "win_percent_trump": 0.41147292496216403,
    "winner": "Kamala Harris"
  },
  "District of Columbia": {
    "Donald Trump": 10.0,
    "Kamala Harris": 90.0,
    "electoral_votes": 3,
    "mean_diff": 80.0,
    "win_percent_harris": 100.0,
    "win_percent_trump": 0.0,
    "winner": "Kamala Harris"
  },
  "Florida": {
    "Donald Trump": 48.68656549144955,
    "Kamala Harris": 42.417694079309754,
    "electoral_votes": 30,
    "mean_diff": -6.268871412139795,
    "win_percent_harris": 14.805495646448625,
    "win_percent_trump": 85.19450435355138,
    "winner": "Donald Trump"
  },
  "Georgia": {
    "Donald Trump": 47.315672314311655,
    "Kamala Harris": 45.0472010355086,
    "electoral_votes": 16,
    "mean_diff": -2.268471278803055,
    "win_percent_harris": 35.2686122488738,
    "win_percent_trump": 64.7313877511262,
    "winner": "Donald Trump"
  },
  "Hawaii": {
    "Donald Trump": 31.12315477463056,
    "Kamala Harris": 45.3494934252175,
    "electoral_votes": 4,
    "mean_diff": 14.226338650586943,
    "win_percent_harris": 99.11313388902423,
    "win_percent_trump": 0.8868661109757703,
    "winner": "Kamala Harris"
  },
  "Idaho": {
    "Donald Trump": 53.79999999999999,
    "Kamala Harris": 24.6,
    "electoral_votes": 4,
    "mean_diff": -29.19999999999999,
    "win_percent_harris": 5.674810724272212e-05,
    "win_percent_trump": 99.99994325189276,
    "winner": "Donald Trump"
  },
  "Illinois": {
    "Donald Trump": 38.344282445878655,
    "Kamala Harris": 49.547411550828,
    "electoral_votes": 19,
    "mean_diff": 11.203129104949348,
    "win_percent_harris": 96.9062343463968,
    "win_percent_trump": 3.0937656536031977,
    "winner": "Kamala Harris"
  },
  "Indiana": {
    "Donald Trump": 55.19251253396094,
    "Kamala Harris": 36.75031253932631,
    "electoral_votes": 11,
    "mean_diff": -18.442199994634628,
    "win_percent_harris": 0.10571096048018543,
    "win_percent_trump": 99.89428903951982,
    "winner": "Donald Trump"
  },
  "Iowa": {
    "Donald Trump": 48.59239962522374,
    "Kamala Harris": 38.790739008338896,
    "electoral_votes": 6,
    "mean_diff": -9.801660616884845,
    "win_percent_harris": 5.1170372565806135,
    "win_percent_trump": 94.88296274341938,
    "winner": "Donald Trump"
  },
  "Kansas": {
    "Donald Trump": 43.8,
    "Kamala Harris": 38.8,
    "electoral_votes": 6,
    "mean_diff": -5.0,
    "win_percent_harris": 20.232838096364308,
    "win_percent_trump": 79.76716190363568,
    "winner": "Donald Trump"
  },
  "Kentucky": {
    "Donald Trump": 51.5,
    "Kamala Harris": 29.4,
    "electoral_votes": 8,
    "mean_diff": -22.1,
    "win_percent_harris": 0.011510190833391637,
    "win_percent_trump": 99.98848980916661,
    "winner": "Donald Trump"
  },
  "Louisiana": {
    "Donald Trump": 50.429100697209435,
    "Kamala Harris": 35.17817447709293,
    "electoral_votes": 8,
    "mean_diff": -15.250926220116504,
    "win_percent_harris": 0.5513831076141831,
    "win_percent_trump": 99.44861689238581,
    "winner": "Donald Trump"
  },
  "Maine": {
    "Donald Trump": 41.48251716920668,
    "Kamala Harris": 50.54999952611201,
    "electoral_votes": 2,
    "mean_diff": 9.06748235690533,
    "win_percent_harris": 93.4637241691692,
    "win_percent_trump": 6.536275830830807,
    "winner": "Kamala Harris"
  },
  "Maine CD-1": {
    "Donald Trump": 35.689523152845226,
    "Kamala Harris": 59.78434110746067,
    "electoral_votes": 1,
    "mean_diff": 24.094817954615444,
    "win_percent_harris": 99.99703781346585,
    "win_percent_trump": 0.0029621865341500353,
    "winner": "Kamala Harris"
  },
  "Maine CD-2": {
    "Donald Trump": 47.00684043737769,
    "Kamala Harris": 46.22467853099625,
    "electoral_votes": 1,
    "mean_diff": -0.7821619063814396,
    "win_percent_harris": 44.8140680245815,
    "win_percent_trump": 55.1859319754185,
    "winner": "Donald Trump"
  },
  "Maryland": {
    "Donald Trump": 32.36369384025452,
    "Kamala Harris": 60.21986426452242,
    "electoral_votes": 10,
    "mean_diff": 27.8561704242679,
    "win_percent_harris": 99.99982805315054,
    "win_percent_trump": 0.0001719468494587595,
    "winner": "Kamala Harris"
  },
  "Massachusetts": {
    "Donald Trump": 30.126948625761035,
    "Kamala Harris": 55.734815239532075,
    "electoral_votes": 11,
    "mean_diff": 25.60786661377104,
    "win_percent_harris": 99.99901373510114,
    "win_percent_trump": 0.0009862648988612222,
    "winner": "Kamala Harris"
  },
  "Michigan": {
    "Donald Trump": 45.44733936495847,
    "Kamala Harris": 45.79417752174841,
    "electoral_votes": 15,
    "mean_diff": 0.3468381567899428,
    "win_percent_harris": 52.30485637342554,
    "win_percent_trump": 47.69514362657446,
    "winner": "Kamala Harris"
  },
  "Minnesota": {
    "Donald Trump": 42.8436076646526,
    "Kamala Harris": 47.74420946853745,
    "electoral_votes": 10,
    "mean_diff": 4.900601803884847,
    "win_percent_harris": 79.29691935484541,
    "win_percent_trump": 20.703080645154582,
    "winner": "Kamala Harris"
  },
  "Mississippi": {
    "Donald Trump": 50.0,
    "Kamala Harris": 35.3,
    "electoral_votes": 6,
    "mean_diff": -14.700000000000003,
    "win_percent_harris": 0.7142810735271403,
    "win_percent_trump": 99.28571892647285,
    "winner": "Donald Trump"
  },
  "Missouri": {
    "Donald Trump": 53.02126639990954,
    "Kamala Harris": 41.16178671805463,
    "electoral_votes": 10,
    "mean_diff": -11.859479681854914,
    "win_percent_harris": 2.404456534968187,