{
  "**National": {
    "Donald Trump": 44.21504046602835,
    "Kamala Harris": 45.64169160784811,
    "electoral_votes": 0,
    "mean_diff": 1.426651141819761,
    "win_percent_harris": 59.3972268930636,
    "win_percent_trump": 40.6027731069364,
    "winner": "Kamala Harris"
  },
  "Alabama": {
    "Donald Trump": 55.841416952619554,
    "Kamala Harris": 31.422795368901674,
    "electoral_votes": 9,
    "mean_diff": -24.41862158371788,
    "win_percent_harris": 0.002352975989276388,
    "win_percent_trump": 99.99764702401073,
    "winner": "Donald Trump"
  },
  "Alaska": {
    "Donald Trump": 50.13053743560419,
    "Kamala Harris": 41.77114764165809,
    "electoral_votes": 3,
    "mean_diff": -8.3593897939461,
    "win_percent_harris": 8.177487857580273,
    "win_percent_trump": 91.82251214241973,
    "winner": "Donald Trump"
  },
  "Arizona": {
    "Donald Trump": 46.97245316286359,
    "Kamala Harris": 44.616865590662066,
    "electoral_votes": 11,
    "mean_diff": -2.3555875722015216,
    "win_percent_harris": 34.73082348163401,
    "win_percent_trump": 65.269176518366,
    "winner": "Donald Trump"
  },
  "Arkansas": {
    "Donald Trump": 50.29937322611496,
    "Kamala Harris": 37.89130761545345,
    "electoral_votes": 6,
    "mean_diff": -12.40806561066151,
    "win_percent_harris": 1.9319497420986926,
    "win_percent_trump": 98.0680502579013,
    "winner": "Donald Trump"
  },
  "California": {
    "Donald Trump": 33.07504652262447,
    "Kamala Harris": 53.1516391589491,
    "electoral_votes": 54,
    "mean_diff": 20.076592636324634,
    "win_percent_harris": 99.95902140226602,
    "win_percent_trump": 0.040978597733987154,
    "winner": "Kamala Harris"
  },
  "Colorado": {
    "Donald Trump": 39.42721850465228,
    "Kamala Harris": 49.00297771375232,
    "electoral_votes": 10,
    "mean_diff": 9.575759209100042,
    "win_percent_harris": 94.47511231872504,
    "win_percent_trump": 5.52488768127496,
    "winner": "Kamala Harris"
  },
  "Connecticut": {
    "Donald Trump": 36.29701087287739,
    "Kamala Harris": 52.278511159005745,
    "electoral_votes": 7,
    "mean_diff": 15.981500286128359,
    "win_percent_harris": 99.61343375613905,
    "win_percent_trump": 0.38656624386095295,
    "winner": "Kamala Harris"
  },
  "Delaware": {
    "Donald Trump": 36.478853426229286,
    "Kamala Harris": 52.33389985028335,
    "electoral_votes": 3,
    "mean_diff": 15.855046424054066,
    "win_percent_harris": 99.58852707503783,
    "win_percent_trump": 0.41147292496216403,
    "winner": "Kamala Harris"
  },
  "District of Columbia": {
    "Donald Trump": 10.0,
    "Kamala Harris": 90.0,
    "electoral_votes": 3,
    "mean_diff": 80.0,
    "win_percent_harris": 100.0,
    "win_percent_trump": 0.0,
    "winner": "Kamala Harris"
  },
  "Florida": {
    "Donald Trump": 48.68656549144953,
    "Kamala Harris": 42.417694079309754,
    "electoral_votes": 30,
    "mean_diff": -6.268871412139774,
    "win_percent_harris": 14.805495646448708,
    "win_percent_trump": 85.1945043535513,
    "winner": "Donald Trump"
  },
  "Georgia": {
    "Donald Trump": 47.315672314311655,
    "Kamala Harris": 45.0472010355086,
    "electoral_votes": 16,
    "mean_diff": -2.268471278803055,
    "win_percent_harris": 35.2686122488738,
    "win_percent_trump": 64.7313877511262,
    "winner": "Donald Trump"
  },
  "Hawaii": {
    "Donald Trump": 31.12315477463056,
    "Kamala Harris": 45.349493425217496,
    "electoral_votes": 4,
    "mean_diff": 14.226338650586936,
    "win_percent_harris": 99.11313388902423,
    "win_percent_trump": 0.8868661109757703,
    "winner": "Kamala Harris"
  },
  "Idaho": {
    "Donald Trump": 53.8,
    "Kamala Harris": 24.6,
    "electoral_votes": 4,
    "mean_diff": -29.199999999999996,
    "win_percent_harris": 5.674810724272161e-05,
    "win_percent_trump": 99.99994325189276,
    "winner": "Donald Trump"
  },
  "Illinois": {
    "Donald Trump": 38.344282445878655,
    "Kamala Harris": 49.547411550828,
    "electoral_votes": 19,
    "mean_diff": 11.203129104949348,
    "win_percent_harris": 96.9062343463968,
    "win_percent_trump": 3.0937656536031977,
    "winner": "Kamala Harris"
  },
  "Indiana": {
    "Donald Trump": 55.19251253396093,
    "Kamala Harris": 36.7503125393263,
    "electoral_votes": 11,
    "mean_diff": -18.442199994634628,
    "win_percent_harris": 0.10571096048018543,
    "win_percent_trump": 99.89428903951982,
    "winner": "Donald Trump"
  },
  "Iowa": {
    "Donald Trump": 48.59239962522375,
    "Kamala Harris": 38.7907390083389,
    "electoral_votes": 6,
    "mean_diff": -9.801660616884845,
    "win_percent_harris": 5.1170372565806135,
    "win_percent_trump": 94.88296274341938,
    "winner": "Donald Trump"
  },
  "Kansas": {
    "Donald Trump": 43.8,
    "Kamala Harris": 38.8,
    "electoral_votes": 6,
    "mean_diff": -5.0,
    "win_percent_harris": 20.232838096364308,
    "win_percent_trump": 79.76716190363568,
    "winner": "Donald Trump"
  },
  "Kentucky": {
    "Donald Trump": 51.5,
    "Kamala Harris": 29.4,
    "electoral_votes": 8,
    "mean_diff": -22.1,
    "win_percent_harris": 0.011510190833391637,
    "win_percent_trump": 99.98848980916661,
    "winner": "Donald Trump"
  },
  "Louisiana": {
    "Donald Trump": 50.429100697209435,
    "Kamala Harris": 35.178174477092924,
    "electoral_votes": 8,
    "mean_diff": -15.250926220116511,
    "win_percent_harris": 0.5513831076141811,
    "win_percent_trump": 99.44861689238581,
    "winner": "Donald Trump"
  },
  "Maine": {
    "Donald Trump": 41.482517169206695,
    "Kamala Harris": 50.54999952611202,
    "electoral_votes": 2,
    "mean_diff": 9.067482356905323,
    "win_percent_harris": 93.46372416916917,
    "win_percent_trump": 6.536275830830829,
    "winner": "Kamala Harris"
  },
  "Maine CD-1": {
    "Donald Trump": 35.68952315284523,
    "Kamala Harris": 59.78434110746067,
    "electoral_votes": 1,
    "mean_diff": 24.094817954615436,
    "win_percent_harris": 99.99703781346585,
    "win_percent_trump": 0.0029621865341500353,
    "winner": "Kamala Harris"
  },
  "Maine CD-2": {
    "Donald Trump": 47.00684043737769,
    "Kamala Harris": 46.22467853099624,
    "electoral_votes": 1,
    "mean_diff": -0.7821619063814467,
    "win_percent_harris": 44.81406802458146,
    "win_percent_trump": 55.18593197541855,
    "winner": "Donald Trump"
  },
  "Maryland": {
    "Donald Trump": 32.36369384025452,
    "Kamala Harris": 60.21986426452242,
    "electoral_votes": 10,
    "mean_diff": 27.8561704242679,
    "win_percent_harris": 99.99982805315054,
    "win_percent_trump": 0.0001719468494587595,
    "winner": "Kamala Harris"
  },
  "Massachusetts": {
    "Donald Trump": 30.12694862576104,
    "Kamala Harris": 55.7348152395321,
    "electoral_votes": 11,
    "mean_diff": 25.607866613771055,
    "win_percent_harris": 99.99901373510114,
    "win_percent_trump": 0.0009862648988612222,
    "winner": "Kamala Harris"
  },
  "Michigan": {
    "Donald Trump": 45.44733936495846,
    "Kamala Harris": 45.79417752174841,
    "electoral_votes": 15,
    "mean_diff": 0.3468381567899499,
    "win_percent_harris": 52.30485637342558,
    "win_percent_trump": 47.69514362657442,
    "winner": "Kamala Harris"
  },
  "Minnesota": {
    "Donald Trump": 42.84360766465261,
    "Kamala Harris": 47.74420946853748,
    "electoral_votes": 10,
    "mean_diff": 4.900601803884868,
    "win_percent_harris": 79.29691935484551,
    "win_percent_trump": 20.703080645154483,
    "winner": "Kamala Harris"
  },
  "Mississippi": {
    "Donald Trump": 50.0,
    "Kamala Harris": 35.3,
    "electoral_votes": 6,
    "mean_diff": -14.700000000000003,
    "win_percent_harris": 0.7142810735271403,
    "win_percent_trump": 99.28571892647285,
    "winner": "Donald Trump"
  },
  "Missouri": {
    "Donald Trump": 53.021266399909535,
    "Kamala Harris": 41.16178671805463,
    "electoral_votes": 10,
    "mean_diff": -11.859479681854907,
    "win_percent_harris": 2.404456534968194,
    "win_percent_trump": 97.59554346503181,