{
  "**National": {
    "Donald Trump": 44.31815801956162,
    "Kamala Harris": 45.592667747229235,
    "electoral_votes": 0,
    "mean_diff": 1.2745097276676134,
    "win_percent_harris": 58.410964020263165,
    "win_percent_trump": 41.589035979736835,
    "winner": "Kamala Harris"
  },
  "Alabama": {
    "Donald Trump": 55.95931848969014,
    "Kamala Harris": 32.4106741428857,
    "electoral_votes": 9,
    "mean_diff": -23.548644346804437,
    "win_percent_harris": 0.004340558928676108,
    "win_percent_trump": 99.99565944107133,
    "winner": "Donald Trump"
  },
  "Alaska": {
    "Donald Trump": 50.14040932350166,
    "Kamala Harris": 41.35523133123344,
    "electoral_votes": 3,
    "mean_diff": -8.785177992268217,
    "win_percent_harris": 7.157015607214347,
    "win_percent_trump": 92.84298439278565,
    "winner": "Donald Trump"
  },
  "Arizona": {
    "Donald Trump": 46.81921578505784,
    "Kamala Harris": 44.68295393940603,
    "electoral_votes": 11,
    "mean_diff": -2.136261845651809,
    "win_percent_harris": 36.09039415225145,
    "win_percent_trump": 63.90960584774855,
    "winner": "Donald Trump"
  },
  "Arkansas": {
    "Donald Trump": 51.98810812839883,
    "Kamala Harris": 38.648870936104146,
    "electoral_votes": 6,
    "mean_diff": -13.339237192294682,
    "win_percent_harris": 1.3100949524495575,
    "win_percent_trump": 98.68990504755044,
    "winner": "Donald Trump"
  },
  "California": {
    "Donald Trump": 33.64280672455996,
    "Kamala Harris": 54.062980788097065,
    "electoral_votes": 54,
    "mean_diff": 20.420174063537104,
    "win_percent_harris": 99.9667190279052,
    "win_percent_trump": 0.03328097209479575,
    "winner": "Kamala Harris"
  },
  "Colorado": {
    "Donald Trump": 38.764114838409576,
    "Kamala Harris": 47.4181627595086,
    "electoral_votes": 10,
    "mean_diff": 8.654047921099021,
    "win_percent_harris": 92.53969455367142,
    "win_percent_trump": 7.460305446328574,
    "winner": "Kamala Harris"
  },
  "Connecticut": {
    "Donald Trump": 36.008376628081145,
    "Kamala Harris": 51.982281276188544,
    "electoral_votes": 7,
    "mean_diff": 15.9739046481074,
    "win_percent_harris": 99.61197673464117,
    "win_percent_trump": 0.3880232653588278,
    "winner": "Kamala Harris"
  },
  "Delaware": {
    "Donald Trump": 36.44211659246736,
    "Kamala Harris": 53.009664922440294,
    "electoral_votes": 3,
    "mean_diff": 16.567548329972936,
    "win_percent_harris": 99.71210419475376,
    "win_percent_trump": 0.28789580524624103,
    "winner": "Kamala Harris"
  },
  "District of Columbia": {
    "Donald Trump": 10.0,
    "Kamala Harris": 90.0,
    "electoral_votes": 3,
    "mean_diff": 80.0,
    "win_percent_harris": 100.0,
    "win_percent_trump": 0.0,
    "winner": "Kamala Harris"
  },
  "Florida": {
    "Donald Trump": 49.22546535914996,
    "Kamala Harris": 42.72467153401317,
    "electoral_votes": 30,
    "mean_diff": -6.500793825136789,
    "win_percent_harris": 13.930089758359998,
    "win_percent_trump": 86.06991024164,
    "winner": "Donald Trump"
  },
  "Georgia": {
    "Donald Trump": 47.11321094918535,
    "Kamala Harris": 44.93503931316873,
    "electoral_votes": 16,
    "mean_diff": -2.1781716360166214,
    "win_percent_harris": 35.829175772557875,
    "win_percent_trump": 64.17082422744213,
    "winner": "Donald Trump"
  },
  "Hawaii": {
    "Donald Trump": 32.47868331668394,
    "Kamala Harris": 46.503134737603354,
    "electoral_votes": 4,
    "mean_diff": 14.024451420919412,
    "win_percent_harris": 99.02910250304295,
    "win_percent_trump": 0.9708974969570461,
    "winner": "Kamala Harris"
  },
  "Idaho": {
    "Donald Trump": 53.8,
    "Kamala Harris": 24.6,
    "electoral_votes": 4,
    "mean_diff": -29.199999999999996,
    "win_percent_harris": 5.674810724272161e-05,
    "win_percent_trump": 99.99994325189276,
    "winner": "Donald Trump"
  },
  "Illinois": {
    "Donald Trump": 39.83156524087171,
    "Kamala Harris": 53.787899307540066,
    "electoral_votes": 19,
    "mean_diff": 13.956334066668354,
    "win_percent_harris": 98.99922096963337,
    "win_percent_trump": 1.0007790303666275,
    "winner": "Kamala Harris"
  },
  "Indiana": {
    "Donald Trump": 54.669722840981784,
    "Kamala Harris": 37.86431751131003,
    "electoral_votes": 11,
    "mean_diff": -16.805405329671757,
    "win_percent_harris": 0.25480083801312997,
    "win_percent_trump": 99.74519916198687,
    "winner": "Donald Trump"
  },
  "Iowa": {
    "Donald Trump": 48.59453299490435,
    "Kamala Harris": 39.21314787829192,
    "electoral_votes": 6,
    "mean_diff": -9.381385116612428,
    "win_percent_harris": 5.8959975508525035,
    "win_percent_trump": 94.1040024491475,
    "winner": "Donald Trump"
  },
  "Kansas": {
    "Donald Trump": 43.8,
    "Kamala Harris": 38.8,
    "electoral_votes": 6,
    "mean_diff": -5.0,
    "win_percent_harris": 20.232838096364308,
    "win_percent_trump": 79.76716190363568,
    "winner": "Donald Trump"
  },
  "Kentucky": {
    "Donald Trump": 51.49999999999999,
    "Kamala Harris": 29.4,
    "electoral_votes": 8,
    "mean_diff": -22.099999999999994,
    "win_percent_harris": 0.01151019083339169,
    "win_percent_trump": 99.98848980916661,
    "winner": "Donald Trump"
  },
  "Louisiana": {
    "Donald Trump": 50.283434428388446,
    "Kamala Harris": 35.28742417870867,
    "electoral_votes": 8,
    "mean_diff": -14.996010249679777,
    "win_percent_harris": 0.6221330608807939,
    "win_percent_trump": 99.3778669391192,
    "winner": "Donald Trump"
  },
  "Maine": {
    "Donald Trump": 41.444212618486624,
    "Kamala Harris": 48.37892174108322,
    "electoral_votes": 2,
    "mean_diff": 6.934709122596594,
    "win_percent_harris": 87.61154150762455,
    "win_percent_trump": 12.388458492375454,
    "winner": "Kamala Harris"
  },
  "Maine CD-1": {
    "Donald Trump": 35.33288171396791,
    "Kamala Harris": 58.62560372130947,
    "electoral_votes": 1,
    "mean_diff": 23.29272200734156,
    "win_percent_harris": 99.99482251947104,
    "win_percent_trump": 0.00517748052896172,
    "winner": "Kamala Harris"
  },
  "Maine CD-2": {
    "Donald Trump": 46.952362466026116,
    "Kamala Harris": 44.901697461980184,
    "electoral_votes": 1,
    "mean_diff": -2.050665004045932,
    "win_percent_harris": 36.62591714607619,
    "win_percent_trump": 63.37408285392381,
    "winner": "Donald Trump"
  },
  "Maryland": {
    "Donald Trump": 32.45919121574098,
    "Kamala Harris": 58.388187375130165,
    "electoral_votes": 10,
    "mean_diff": 25.928996159389186,
    "win_percent_harris": 99.99922513749205,
    "win_percent_trump": 0.0007748625079573301,
    "winner": "Kamala Harris"
  },
  "Massachusetts": {
    "Donald Trump": 30.039332551637624,
    "Kamala Harris": 55.309360524328845,
    "electoral_votes": 11,
    "mean_diff": 25.27002797269122,
    "win_percent_harris": 99.99873255906596,
    "win_percent_trump": 0.0012674409340385218,
    "winner": "Kamala Harris"
  },
  "Michigan": {
    "Donald Trump": 45.47436646266423,
    "Kamala Harris": 45.7209718010803,
    "electoral_votes": 15,
    "mean_diff": 0.24660533841607446,
    "win_percent_harris": 51.63922673511281,
    "win_percent_trump": 48.36077326488719,
    "winner": "Kamala Harris"
  },
  "Minnesota": {
    "Donald Trump": 42.90349474859294,
    "Kamala Harris": 47.12787845956309,
    "electoral_votes": 10,
    "mean_diff": 4.224383710970152,
    "win_percent_harris": 75.93035259623475,
    "win_percent_trump": 24.06964740376525,
    "winner": "Kamala Harris"
  },
  "Mississippi": {
    "Donald Trump": 50.0,
    "Kamala Harris": 35.3,
    "electoral_votes": 6,
    "mean_diff": -14.700000000000003,
    "win_percent_harris": 0.7142810735271403,
    "win_percent_trump": 99.28571892647285,
    "winner": "Donald Trump"
  },
  "Missouri": {
    "Donald Trump": 52.596617979677326,
    "Kamala Harris": 39.9400708204484,
    "electoral_votes": 10,
    "mean_diff": -12.656547159228928,
    "win_percent_harris": 1.745397714551392,