{
  "**National": {
    "Donald Trump": 44.21120078557827,
    "Kamala Harris": 45.485367678953786,
    "electoral_votes": 0,
    "mean_diff": 1.274166893375515,
    "win_percent_harris": 58.40873534038965,
    "win_percent_trump": 41.59126465961035,
    "winner": "Kamala Harris"
  },
  "Alabama": {
    "Donald Trump": 55.92022158986718,
    "Kamala Harris": 32.08308725620618,
    "electoral_votes": 9,
    "mean_diff": -23.837134333661005,
    "win_percent_harris": 0.003550803375002641,
    "win_percent_trump": 99.996449196625,
    "winner": "Donald Trump"
  },
  "Alaska": {
    "Donald Trump": 50.16341880908257,
    "Kamala Harris": 41.58169740331607,
    "electoral_votes": 3,
    "mean_diff": -8.581721405766501,
    "win_percent_harris": 7.631734638838041,
    "win_percent_trump": 92.36826536116196,
    "winner": "Donald Trump"
  },
  "Arizona": {
    "Donald Trump": 46.957438601348485,
    "Kamala Harris": 44.596990047282944,
    "electoral_votes": 11,
    "mean_diff": -2.3604485540655418,
    "win_percent_harris": 34.700904685251736,
    "win_percent_trump": 65.29909531474827,
    "winner": "Donald Trump"
  },
  "Arkansas": {
    "Donald Trump": 50.299373226114966,
    "Kamala Harris": 37.89130761545344,
    "electoral_votes": 6,
    "mean_diff": -12.408065610661524,
    "win_percent_harris": 1.9319497420986826,
    "win_percent_trump": 98.06805025790132,
    "winner": "Donald Trump"
  },
  "California": {
    "Donald Trump": 33.15769782416907,
    "Kamala Harris": 53.407704924428174,
    "electoral_votes": 54,
    "mean_diff": 20.250007100259104,
    "win_percent_harris": 99.96309231327703,
    "win_percent_trump": 0.03690768672296452,
    "winner": "Kamala Harris"
  },
  "Colorado": {
    "Donald Trump": 38.29681982784343,
    "Kamala Harris": 46.6699429655549,
    "electoral_votes": 10,
    "mean_diff": 8.373123137711474,
    "win_percent_harris": 91.85705347988015,
    "win_percent_trump": 8.142946520119853,
    "winner": "Kamala Harris"
  },
  "Connecticut": {
    "Donald Trump": 36.29701087287739,
    "Kamala Harris": 52.27851115900574,
    "electoral_votes": 7,
    "mean_diff": 15.981500286128352,
    "win_percent_harris": 99.61343375613905,
    "win_percent_trump": 0.38656624386095295,
    "winner": "Kamala Harris"
  },
  "Delaware": {
    "Donald Trump": 36.41209852195618,
    "Kamala Harris": 52.710555136339075,
    "electoral_votes": 3,
    "mean_diff": 16.298456614382893,
    "win_percent_harris": 99.67002876097371,
    "win_percent_trump": 0.3299712390262943,
    "winner": "Kamala Harris"
  },
  "District of Columbia": {
    "Donald Trump": 10.0,
    "Kamala Harris": 90.0,
    "electoral_votes": 3,
    "mean_diff": 80.0,
    "win_percent_harris": 100.0,
    "win_percent_trump": 0.0,
    "winner": "Kamala Harris"
  },
  "Florida": {
    "Donald Trump": 48.91409285974093,
    "Kamala Harris": 42.54962751151177,
    "electoral_votes": 30,
    "mean_diff": -6.36446534822916,
    "win_percent_harris": 14.440307791590252,
    "win_percent_trump": 85.55969220840976,
    "winner": "Donald Trump"
  },
  "Georgia": {
    "Donald Trump": 47.32931512717369,
    "Kamala Harris": 44.81201452706071,
    "electoral_votes": 16,
    "mean_diff": -2.517300600112982,
    "win_percent_harris": 33.740707403910875,
    "win_percent_trump": 66.25929259608913,
    "winner": "Donald Trump"
  },
  "Hawaii": {
    "Donald Trump": 32.06894131077524,
    "Kamala Harris": 46.15441813682999,
    "electoral_votes": 4,
    "mean_diff": 14.085476826054752,
    "win_percent_harris": 99.05520791537198,
    "win_percent_trump": 0.9447920846280211,
    "winner": "Kamala Harris"
  },
  "Idaho": {
    "Donald Trump": 53.79999999999999,
    "Kamala Harris": 24.6,
    "electoral_votes": 4,
    "mean_diff": -29.19999999999999,
    "win_percent_harris": 5.674810724272212e-05,
    "win_percent_trump": 99.99994325189276,
    "winner": "Donald Trump"
  },
  "Illinois": {
    "Donald Trump": 39.60986049101251,
    "Kamala Harris": 53.24302143884927,
    "electoral_votes": 19,
    "mean_diff": 13.633160947836757,
    "win_percent_harris": 98.84625868874598,
    "win_percent_trump": 1.1537413112540196,
    "winner": "Kamala Harris"
  },
  "Indiana": {
    "Donald Trump": 55.235028427849905,
    "Kamala Harris": 36.96610777195394,
    "electoral_votes": 11,
    "mean_diff": -18.26892065589596,
    "win_percent_harris": 0.11640976037468562,
    "win_percent_trump": 99.88359023962532,
    "winner": "Donald Trump"
  },
  "Iowa": {
    "Donald Trump": 48.64891783103441,
    "Kamala Harris": 38.90322291131654,
    "electoral_votes": 6,
    "mean_diff": -9.74569491971787,
    "win_percent_harris": 5.215776662338061,
    "win_percent_trump": 94.78422333766194,
    "winner": "Donald Trump"
  },
  "Kansas": {
    "Donald Trump": 43.8,
    "Kamala Harris": 38.8,
    "electoral_votes": 6,
    "mean_diff": -5.0,
    "win_percent_harris": 20.232838096364308,
    "win_percent_trump": 79.76716190363568,
    "winner": "Donald Trump"
  },
  "Kentucky": {
    "Donald Trump": 51.5,
    "Kamala Harris": 29.4,
    "electoral_votes": 8,
    "mean_diff": -22.1,
    "win_percent_harris": 0.011510190833391637,
    "win_percent_trump": 99.98848980916661,
    "winner": "Donald Trump"
  },
  "Louisiana": {
    "Donald Trump": 50.324779053184166,
    "Kamala Harris": 35.256415710111874,
    "electoral_votes": 8,
    "mean_diff": -15.068363343072292,
    "win_percent_harris": 0.6012771623851874,
    "win_percent_trump": 99.39872283761481,
    "winner": "Donald Trump"
  },
  "Maine": {
    "Donald Trump": 41.287287854907525,
    "Kamala Harris": 49.510089739089274,
    "electoral_votes": 2,
    "mean_diff": 8.222801884181749,
    "win_percent_harris": 91.47294120704015,
    "win_percent_trump": 8.527058792959853,
    "winner": "Kamala Harris"
  },
  "Maine CD-1": {
    "Donald Trump": 35.47954293070496,
    "Kamala Harris": 58.85369199441902,
    "electoral_votes": 1,
    "mean_diff": 23.374149063714064,
    "win_percent_harris": 99.99510405222964,
    "win_percent_trump": 0.0048959477703669485,
    "winner": "Kamala Harris"
  },
  "Maine CD-2": {
    "Donald Trump": 46.91147763356546,
    "Kamala Harris": 45.21610564347073,
    "electoral_votes": 1,
    "mean_diff": -1.6953719900947277,
    "win_percent_harris": 38.87563072572975,
    "win_percent_trump": 61.12436927427025,
    "winner": "Donald Trump"
  },
  "Maryland": {
    "Donald Trump": 32.32069873498207,
    "Kamala Harris": 58.49840853087323,
    "electoral_votes": 10,
    "mean_diff": 26.17770979589116,
    "win_percent_harris": 99.99935840339525,
    "win_percent_trump": 0.000641596604755712,
    "winner": "Kamala Harris"
  },
  "Massachusetts": {
    "Donald Trump": 29.90384348673774,
    "Kamala Harris": 55.260314141943425,
    "electoral_votes": 11,
    "mean_diff": 25.356470655205687,
    "win_percent_harris": 99.99881100437301,
    "win_percent_trump": 0.0011889956269883761,
    "winner": "Kamala Harris"
  },
  "Michigan": {
    "Donald Trump": 45.544125286216364,
    "Kamala Harris": 45.61600920928522,
    "electoral_votes": 15,
    "mean_diff": 0.07188392306885305,
    "win_percent_harris": 50.47794750274338,
    "win_percent_trump": 49.52205249725662,
    "winner": "Kamala Harris"
  },
  "Minnesota": {
    "Donald Trump": 42.60239849309171,
    "Kamala Harris": 47.59292323297491,
    "electoral_votes": 10,
    "mean_diff": 4.990524739883199,
    "win_percent_harris": 79.72261280926038,
    "win_percent_trump": 20.277387190739617,
    "winner": "Kamala Harris"
  },
  "Mississippi": {
    "Donald Trump": 50.0,
    "Kamala Harris": 35.3,
    "electoral_votes": 6,
    "mean_diff": -14.700000000000003,
    "win_percent_harris": 0.7142810735271403,
    "win_percent_trump": 99.28571892647285,
    "winner": "Donald Trump"
  },
  "Missouri": {
    "Donald Trump": 52.44263978586147,
    "Kamala Harris": 39.520542678201075,
    "electoral_votes": 10,
    "mean_diff": -12.922097107660399,
    "win_percent_harris": 1.5632525943453162,