{
  "**National": {
    "Donald Trump": 44.573818455482666,
    "Kamala Harris": 46.11222122094014,
    "electoral_votes": 0.0,
    "mean_diff": 1.5384027654574766,
    "win_percent_harris": 64.97333590897031,
    "win_percent_trump": 35.026664091029694,
    "winner": "Kamala Harris"
  },
  "Alabama": {
    "Donald Trump": 55.95931848969014,
    "Kamala Harris": 32.41067414288571,
    "electoral_votes": 9.0,
    "mean_diff": -23.54864434680443,
    "win_percent_harris": 1.9644286881153978e-07,
    "win_percent_trump": 99.99999980355713,
    "winner": "Donald Trump"
  },
  "Alaska": {
    "Donald Trump": 51.543653115084254,
    "Kamala Harris": 42.993601764958,
    "electoral_votes": 3.0,
    "mean_diff": -8.550051350126253,
    "win_percent_harris": 1.6278151352262653,
    "win_percent_trump": 98.37218486477374,
    "winner": "Donald Trump"
  },
  "Arizona": {
    "Donald Trump": 47.17201975753605,
    "Kamala Harris": 45.259181242582144,
    "electoral_votes": 11.0,
    "mean_diff": -1.9128385149539042,
    "win_percent_harris": 31.625050498813135,
    "win_percent_trump": 68.37494950118686,
    "winner": "Donald Trump"
  },
  "Arkansas": {
    "Donald Trump": 51.98810812839883,
    "Kamala Harris": 38.648870936104146,
    "electoral_votes": 6.0,
    "mean_diff": -13.339237192294682,
    "win_percent_harris": 0.04267895751158139,
    "win_percent_trump": 99.95732104248842,
    "winner": "Donald Trump"
  },
  "California": {
    "Donald Trump": 33.6484443455993,
    "Kamala Harris": 54.92352340763783,
    "electoral_votes": 54.0,
    "mean_diff": 21.27507906203853,
    "win_percent_harris": 99.99999477643829,
    "win_percent_trump": 5.223561716505287e-06,
    "winner": "Kamala Harris"
  },
  "Colorado": {
    "Donald Trump": 38.957381108026695,
    "Kamala Harris": 48.277980321803035,
    "electoral_votes": 10.0,
    "mean_diff": 9.32059921377634,
    "win_percent_harris": 99.01008825285538,
    "win_percent_trump": 0.9899117471446228,
    "winner": "Kamala Harris"
  },
  "Connecticut": {
    "Donald Trump": 36.00837662808115,
    "Kamala Harris": 51.982281276188544,
    "electoral_votes": 7.0,
    "mean_diff": 15.973904648107393,
    "win_percent_harris": 99.99674441862808,
    "win_percent_trump": 0.0032555813719192805,
    "winner": "Kamala Harris"
  },
  "Delaware": {
    "Donald Trump": 36.44211659246735,
    "Kamala Harris": 53.009664922440294,
    "electoral_votes": 3.0,
    "mean_diff": 16.567548329972944,
    "win_percent_harris": 99.99827770035465,
    "win_percent_trump": 0.0017222996453458705,
    "winner": "Kamala Harris"
  },
  "District of Columbia": {
    "Donald Trump": 10.0,
    "Kamala Harris": 90.0,
    "electoral_votes": 3.0,
    "mean_diff": 80.0,
    "win_percent_harris": 100.0,
    "win_percent_trump": 0.0,
    "winner": "Kamala Harris"
  },
  "Florida": {
    "Donald Trump": 49.837473334019236,
    "Kamala Harris": 43.63288069956926,
    "electoral_votes": 30.0,
    "mean_diff": -6.204592634449973,
    "win_percent_harris": 6.0433091200003055,
    "win_percent_trump": 93.9566908799997,
    "winner": "Donald Trump"
  },
  "Georgia": {
    "Donald Trump": 47.49458966466269,
    "Kamala Harris": 45.568622149442774,
    "electoral_votes": 16.0,
    "mean_diff": -1.9259675152199165,
    "win_percent_harris": 31.508347513809177,
    "win_percent_trump": 68.49165248619083,
    "winner": "Donald Trump"
  },
  "Hawaii": {
    "Donald Trump": 32.47868331668394,
    "Kamala Harris": 46.503134737603354,
    "electoral_votes": 4.0,
    "mean_diff": 14.024451420919412,
    "win_percent_harris": 99.97726488093761,
    "win_percent_trump": 0.02273511906238923,
    "winner": "Kamala Harris"
  },
  "Idaho": {
    "Donald Trump": 53.8,
    "Kamala Harris": 24.6,
    "electoral_votes": 4.0,
    "mean_diff": -29.199999999999996,
    "win_percent_harris": 1.4388386381575914e-11,
    "win_percent_trump": 99.99999999998562,
    "winner": "Donald Trump"
  },
  "Illinois": {
    "Donald Trump": 40.29639112250512,
    "Kamala Harris": 55.0001712104128,
    "electoral_votes": 19.0,
    "mean_diff": 14.703780087907681,
    "win_percent_harris": 99.98815147217384,
    "win_percent_trump": 0.011848527826163746,
    "winner": "Kamala Harris"
  },
  "Indiana": {
    "Donald Trump": 55.010821630586165,
    "Kamala Harris": 38.29638298610753,
    "electoral_votes": 11.0,
    "mean_diff": -16.714438644478633,
    "win_percent_harris": 0.0014664828488940638,
    "win_percent_trump": 99.99853351715112,
    "winner": "Donald Trump"
  },
  "Iowa": {
    "Donald Trump": 48.59453299490435,
    "Kamala Harris": 39.21314787829193,
    "electoral_votes": 6.0,
    "mean_diff": -9.381385116612421,
    "win_percent_harris": 0.9504707740168313,
    "win_percent_trump": 99.04952922598316,
    "winner": "Donald Trump"
  },
  "Kansas": {
    "Donald Trump": 48.11176504636029,
    "Kamala Harris": 40.702088210504144,
    "electoral_votes": 6.0,
    "mean_diff": -7.409676835856146,
    "win_percent_harris": 3.1982824526248415,
    "win_percent_trump": 96.80171754737515,
    "winner": "Donald Trump"
  },
  "Kentucky": {
    "Donald Trump": 51.5,
    "Kamala Harris": 29.4,
    "electoral_votes": 8.0,
    "mean_diff": -22.1,
    "win_percent_harris": 1.6474280560818734e-06,
    "win_percent_trump": 99.99999835257194,
    "winner": "Donald Trump"
  },
  "Louisiana": {
    "Donald Trump": 50.283434428388446,
    "Kamala Harris": 35.287424178708676,
    "electoral_votes": 8.0,
    "mean_diff": -14.99601024967977,
    "win_percent_harris": 0.008876963588043796,
    "win_percent_trump": 99.99112303641195,
    "winner": "Donald Trump"
  },
  "Maine": {
    "Donald Trump": 41.41135688718244,
    "Kamala Harris": 48.35089518264652,
    "electoral_votes": 2.0,
    "mean_diff": 6.939538295464075,
    "win_percent_harris": 95.8619373987895,
    "win_percent_trump": 4.1380626012105015,
    "winner": "Kamala Harris"
  },
  "Maine CD-1": {
    "Donald Trump": 35.08953767109895,
    "Kamala Harris": 58.351725701395424,
    "electoral_votes": 1.0,
    "mean_diff": 23.26218803029647,
    "win_percent_harris": 99.99999969782037,
    "win_percent_trump": 3.0217962576628565e-07,
    "winner": "Kamala Harris"
  },
  "Maine CD-2": {
    "Donald Trump": 47.24361095767422,
    "Kamala Harris": 43.81305875232641,
    "electoral_votes": 1.0,
    "mean_diff": -3.4305522053478086,
    "win_percent_harris": 19.554617842024935,
    "win_percent_trump": 80.44538215797506,
    "winner": "Donald Trump"
  },
  "Maryland": {
    "Donald Trump": 32.553050742601094,
    "Kamala Harris": 59.00220744805521,
    "electoral_votes": 10.0,
    "mean_diff": 26.449156705454115,
    "win_percent_harris": 99.9999999981079,
    "win_percent_trump": 1.8921086919476693e-09,
    "winner": "Kamala Harris"
  },
  "Massachusetts": {
    "Donald Trump": 31.081376337958055,
    "Kamala Harris": 56.4527144113888,
    "electoral_votes": 11.0,
    "mean_diff": 25.371338073430742,
    "win_percent_harris": 99.99999998872121,
    "win_percent_trump": 1.1278789013857704e-08,
    "winner": "Kamala Harris"
  },
  "Michigan": {
    "Donald Trump": 45.726817062956606,
    "Kamala Harris": 46.37367905062205,
    "electoral_votes": 15.0,
    "mean_diff": 0.6468619876654458,
    "win_percent_harris": 56.42350497981439,
    "win_percent_trump": 43.57649502018561,
    "winner": "Kamala Harris"
  },
  "Minnesota": {
    "Donald Trump": 43.10480954796866,
    "Kamala Harris": 48.02626279315195,
    "electoral_votes": 10.0,
    "mean_diff": 4.921453245183294,
    "win_percent_harris": 89.07194571182688,
    "win_percent_trump": 10.928054288173117,
    "winner": "Kamala Harris"
  },
  "Mississippi": {
    "Donald Trump": 50.0,
    "Kamala Harris": 35.3,
    "electoral_votes": 6.0,
    "mean_diff": -14.700000000000003,
    "win_percent_harris": 0.011892470732676045,
    "win_percent_trump": 99.98810752926732,
    "winner": "Donald Trump"
  },
  "Missouri": {
    "Donald Trump": 52.905055997855165,
    "Kamala Harris": 40.057656523502146,